id,img_name,color_group,parent_color
lipstick__ctzn_cosmetics__code_red_lipstick__pula,lipstick__ctzn_cosmetics__code_red_lipstick__pula.jpg,berry_plum,plum crimson red
lipstick__nudestix__intense_matte_lip_cheek_pencil__vintage,lipstick__nudestix__intense_matte_lip_cheek_pencil__vintage.jpg,berry_plum,cranberry red
lipstick__nyx_professional_makeup__shout_loud_satin_lipstick__everyone_lies,lipstick__nyx_professional_makeup__shout_loud_satin_lipstick__everyone_lies.jpg,berry_plum,wine red
lipstick__queen_musia__skincare_supercharged_tinted_hydrabalm__noble_vine,lipstick__queen_musia__skincare_supercharged_tinted_hydrabalm__noble_vine.jpg,berry_plum,grape
lipstick__romnd__dewyful_water_tint__07_cherry_way,lipstick__romnd__dewyful_water_tint__07_cherry_way.jpg,berry_plum,cherry red
lipstick__revlon__super_lustrous_lipstick__812_porto_please,lipstick__revlon__super_lustrous_lipstick__812_porto_please.jpg,berry_plum,berry
lipstick__soshe_beauty__ceramide_refillable_lip_silk__wine_stained,lipstick__soshe_beauty__ceramide_refillable_lip_silk__wine_stained.png,berry_plum,cherry
lipstick__wonderskin__wonder_blading_peel_reveal_lip_stain_kit__divine,lipstick__wonderskin__wonder_blading_peel_reveal_lip_stain_kit__divine.jpg,berry_plum,burgundy red
lipstick__mac_cosmetics__macximal_silky_matte_lipstick__viva_empowered,lipstick__mac_cosmetics__macximal_silky_matte_lipstick__viva_empowered.jpg,berry_plum,brown plum
lipstick__clinique__pop_matte_lip_colour_primer__13_love_pop,lipstick__clinique__pop_matte_lip_colour_primer__13_love_pop.jpg,berry_plum,raspberry
lipstick__dear_dahlia__lip_paradise_sensual_lip_glow__g104_felicia,lipstick__dear_dahlia__lip_paradise_sensual_lip_glow__g104_felicia.png,berry_plum,rose fig
lipstick__fenty_beauty_by_rihanna__poutsicle_hydrating_lip_stain__berry_banger,lipstick__fenty_beauty_by_rihanna__poutsicle_hydrating_lip_stain__berry_banger.jpg,berry_plum,berry
lipstick__beauty_bakerie__waffle_things_matte_lipstick__waffles_or_pancakes,lipstick__beauty_bakerie__waffle_things_matte_lipstick__waffles_or_pancakes.jpg,berry_plum,burgundy brown
lipstick__lipstick_queen__lipdulgence_lip_mousse__sugar_plum,lipstick__lipstick_queen__lipdulgence_lip_mousse__sugar_plum.jpg,berry_plum,plum
lipstick__yves_saint_laurent__the_inks_vinyl_cream_high_shine_lip_stain__622_plum_liberation,lipstick__yves_saint_laurent__the_inks_vinyl_cream_high_shine_lip_stain__622_plum_liberation.jpg,berry_plum,plum pink
lipstick__bite_beauty__power_move_creamy_matte_lip_crayon__brandy,lipstick__bite_beauty__power_move_creamy_matte_lip_crayon__brandy.jpg,berry_plum,wine rose
lipstick__loreal__colour_riche_les_nus_intense_lipstick__nu_insouciant,lipstick__loreal__colour_riche_les_nus_intense_lipstick__nu_insouciant.jpg,berry_plum,pink plum
lipstick__dior__addict_lip_glow_balm__031_strawberry,lipstick__dior__addict_lip_glow_balm__031_strawberry.jpg,berry_plum,strawberry red
lipstick__bodyography__lipstick__opulent_red,lipstick__bodyography__lipstick__opulent_red.jpg,berry_plum,oxblood maroon
lipstick__pyt_beauty__double_duty_lipstick_gloss__deja_vu,lipstick__pyt_beauty__double_duty_lipstick_gloss__deja_vu.jpg,berry_plum,burgundy
lipstick__loreal__colour_riche_intense_volume_matte_lipstick__153_le_rosewood_ambition,lipstick__loreal__colour_riche_intense_volume_matte_lipstick__153_le_rosewood_ambition.jpg,berry_plum,plum
lipstick__melt_cosmetics__liquid_lipstick__death_cherry,lipstick__melt_cosmetics__liquid_lipstick__death_cherry.jpg,berry_plum,cherry red
lipstick__jones_road_beauty__the_lippie_stick__ruby,lipstick__jones_road_beauty__the_lippie_stick__ruby.jpg,berry_plum,red wine
lipstick__dear_dahlia__lip_paradise_sensual_lip_glow__g108_hazle,lipstick__dear_dahlia__lip_paradise_sensual_lip_glow__g108_hazle.png,berry_plum,fig beige
lipstick__anastasia_beverly_hills__liquid_lipstick__kathryn,lipstick__anastasia_beverly_hills__liquid_lipstick__kathryn.jpg,berry_plum,brown berry
lipstick__nars__afterglow_lip_balm__wicked_ways,lipstick__nars__afterglow_lip_balm__wicked_ways.jpg,berry_plum,mulberry
lipstick__makeup_by_mario__ultra_suede_lipstick__kristen,lipstick__makeup_by_mario__ultra_suede_lipstick__kristen.jpg,berry_plum,berry
lipstick__lime_crime__matte_velvetine_lipstick__beet_it,lipstick__lime_crime__matte_velvetine_lipstick__beet_it.jpg,berry_plum,berry pink
lipstick__nars__audacious_lipstick__vera,lipstick__nars__audacious_lipstick__vera.jpg,berry_plum,raspberry
lipstick__melt_cosmetics__ultra_matte_lipstick__bane,lipstick__melt_cosmetics__ultra_matte_lipstick__bane.jpg,black,black
lipstick__kvd_beauty__everlasting_liquid_lipstick__witches,lipstick__kvd_beauty__everlasting_liquid_lipstick__witches.jpg,black,black
lipstick__aboutface__paintit_matte_lip_color__night_sight,lipstick__aboutface__paintit_matte_lip_color__night_sight.jpg,black,black
lipstick__gucci__rouge_a_levres_satin_lipstick__700_crystal_black,lipstick__gucci__rouge_a_levres_satin_lipstick__700_crystal_black.jpg,black,black
lipstick__nyx_professional_makeup__fat_oil_slick_click_vegan_lip_balm__12_trending_topic,lipstick__nyx_professional_makeup__fat_oil_slick_click_vegan_lip_balm__12_trending_topic.jpg,black,charcol
lipstick__jcat_beauty__flash_metal_metallic_matte_lip__extraterrestrial,lipstick__jcat_beauty__flash_metal_metallic_matte_lip__extraterrestrial.jpg,blue_green,green
lipstick__melt_cosmetics__lipstick__space_cake,lipstick__melt_cosmetics__lipstick__space_cake.jpg,blue_green,blue gray
lipstick__anastasia_beverly_hills__liquid_lipstick__reqiuem,lipstick__anastasia_beverly_hills__liquid_lipstick__reqiuem.jpg,blue_green,teal
lipstick__revlon__ultra_hd_lip_mousse_hyper_matte__blue_oasis_835,lipstick__revlon__ultra_hd_lip_mousse_hyper_matte__blue_oasis_835.jpg,blue_green,gray blue
lipstick__kvd_beauty__everlasting_liquid_lipstick__echo,lipstick__kvd_beauty__everlasting_liquid_lipstick__echo.jpg,blue_green,navy blue
lipstick__maybelline__superstay_matte_ink_lip_color__dancer,lipstick__maybelline__superstay_matte_ink_lip_color__dancer.jpg,brick,brick red
lipstick__nyx_professional_makeup__matte_lipstick__alabama,lipstick__nyx_professional_makeup__matte_lipstick__alabama.jpg,brick,brick red
lipstick__bareminerals__mineralist_lasting_matte_liquid_lipstick__passionate,lipstick__bareminerals__mineralist_lasting_matte_liquid_lipstick__passionate.jpg,brick,brick red
lipstick__colourpop__ultra_blotted_lip__cypress_chill,lipstick__colourpop__ultra_blotted_lip__cypress_chill.jpg,brick,brick rose
lipstick__lancome__labsolu_rouge_intimatte_lipstick__888_french_idol,lipstick__lancome__labsolu_rouge_intimatte_lipstick__888_french_idol.jpg,brick,brick rose
lipstick__tarte__tarteist_creamy_matte_lip_paint__rave,lipstick__tarte__tarteist_creamy_matte_lip_paint__rave.jpg,brown,greige
lipstick__antipodes__lipstick__boom_rock_bronze,lipstick__antipodes__lipstick__boom_rock_bronze.jpg,brown,brown
lipstick__nyx_professional_makeup__lip_lingerie_xxl_longlasting_matte_liquid_lipstick__low_cut,lipstick__nyx_professional_makeup__lip_lingerie_xxl_longlasting_matte_liquid_lipstick__low_cut.jpg,brown,chocolate brown
lipstick__entice_cosmetics__lush_matte_liquid_lipstick__drape,lipstick__entice_cosmetics__lush_matte_liquid_lipstick__drape.jpg,brown,brown
lipstick__iconic_london__cloud_kiss_matte_lip_mousse__let_it_slip,lipstick__iconic_london__cloud_kiss_matte_lip_mousse__let_it_slip.jpg,brown,brown nude
lipstick__onesize_by_patrick_starrr__lip_snatcher_hydrating_liquid_lipstick_and_lip_gloss_duo__nightwalker,lipstick__onesize_by_patrick_starrr__lip_snatcher_hydrating_liquid_lipstick_and_lip_gloss_duo__nightwalker.jpg,brown,brown
lipstick__armani_beauty__lip_maestro_liquid_matte_lipstick__209_palazzo,lipstick__armani_beauty__lip_maestro_liquid_matte_lipstick__209_palazzo.jpg,brown,brown red
lipstick__nyx_professional_makeup__liquid_suede_cream_lipstick__downtown_beauty,lipstick__nyx_professional_makeup__liquid_suede_cream_lipstick__downtown_beauty.jpg,brown,walnut brown
lipstick__pat_mcgrath_labs__mattetrance_lipstick__divine_brown,lipstick__pat_mcgrath_labs__mattetrance_lipstick__divine_brown.jpg,brown,chocolate
lipstick__rms_beauty__tinted_daily_lip_balm__penny_lane,lipstick__rms_beauty__tinted_daily_lip_balm__penny_lane.jpg,brown,caramel brown
lipstick__loreal__colour_riche_satin_lipstick__divine_wine_762,lipstick__loreal__colour_riche_satin_lipstick__divine_wine_762.jpg,brown,brown red
lipstick__mac_cosmetics__macximal_sleek_satin_lipstick__call_it_cozy,lipstick__mac_cosmetics__macximal_sleek_satin_lipstick__call_it_cozy.jpg,brown,caramel
lipstick__morphe__matte_liquid_lipstick__peanut,lipstick__morphe__matte_liquid_lipstick__peanut.jpg,brown,sienna
lipstick__violettefr__bisou_jelly_sheer_shine_hydrating_lipstick__bonbon_caramel,lipstick__violettefr__bisou_jelly_sheer_shine_hydrating_lipstick__bonbon_caramel.jpg,brown,caramel
lipstick__becca_cosmetics__ultimate_lipstick_love__taupe,lipstick__becca_cosmetics__ultimate_lipstick_love__taupe.jpg,brown,cinnamon
lipstick__bobbi_brown__crushed_liquid_lipstick__juicy_date,lipstick__bobbi_brown__crushed_liquid_lipstick__juicy_date.jpg,brown,pink brown
lipstick__blkopl__cream_lipstick__bon_bon,lipstick__blkopl__cream_lipstick__bon_bon.jpg,brown,brown
lipstick__elf_cosmetics__glossy_lip_stain__cinnamon_dreamz,lipstick__elf_cosmetics__glossy_lip_stain__cinnamon_dreamz.jpg,brown,brown
lipstick__mac_cosmetics__matte_lipstick__taupe,lipstick__mac_cosmetics__matte_lipstick__taupe.web,brown,red brown
lipstick__tarte__maracuja_juicy_lip_vinyl__cacao,lipstick__tarte__maracuja_juicy_lip_vinyl__cacao.jpg,brown,brown
lipstick__fenty_beauty_by_rihanna__fenty_icon_the_fill_semimatte_refillable_lipstick__grill_mastr,lipstick__fenty_beauty_by_rihanna__fenty_icon_the_fill_semimatte_refillable_lipstick__grill_mastr.jpg,brown,maple red
lipstick__merit__signature_lip_lightweight_matte_lipstick__equestrian,lipstick__merit__signature_lip_lightweight_matte_lipstick__equestrian.jpg,brown,brown
lipstick__mac_cosmetics__locked_kiss_24hr_lipstick__posh,lipstick__mac_cosmetics__locked_kiss_24hr_lipstick__posh.jpg,brown,brown
lipstick__maybelline__superstay_matte_ink_lip_color__meditator,lipstick__maybelline__superstay_matte_ink_lip_color__meditator.jpg,coral,coral nude
lipstick__pat_mcgrath_labs__liquilust_legendary_wear_matte_lipstick__nude_venus,lipstick__pat_mcgrath_labs__liquilust_legendary_wear_matte_lipstick__nude_venus.jpg,coral,coral nude
lipstick__honeybee_gardens__truly_natural_lipstick__south_beach,lipstick__honeybee_gardens__truly_natural_lipstick__south_beach.jpg,coral,red coral
lipstick__rokael_beauty__refined_gold_velvet_lip_creme__destined,lipstick__rokael_beauty__refined_gold_velvet_lip_creme__destined.png,coral,golden coral peach
lipstick__colourpop__lippie_stix__topanga,lipstick__colourpop__lippie_stix__topanga.jpg,coral,coral
lipstick__au_naturale__eternity_sheer_lipstick__frose,lipstick__au_naturale__eternity_sheer_lipstick__frose.jpg,coral,coral
lipstick__huda_beauty__demi_matte_cream_liquid_lipstick__game_changer,lipstick__huda_beauty__demi_matte_cream_liquid_lipstick__game_changer.jpg,coral,coral
lipstick__ofra_cosmetics__flexi_slick_lip_creme__buzz,lipstick__ofra_cosmetics__flexi_slick_lip_creme__buzz.jpg,coral,coral
lipstick__surratt_beauty__lipslique__paramour,lipstick__surratt_beauty__lipslique__paramour.jpg,coral,peach coral
lipstick__bodyography__lipstick__glint,lipstick__bodyography__lipstick__glint.jpg,gold_bronze,gold
lipstick__mac_cosmetics__glow_play_tendertalk_lip_balm__oops,lipstick__mac_cosmetics__glow_play_tendertalk_lip_balm__oops.jpg,gold_bronze,yellow
lipstick__jcat_beauty__flash_metal_metallic_matte_lip__marvelous_character,lipstick__jcat_beauty__flash_metal_metallic_matte_lip__marvelous_character.jpg,gold_bronze,gold
lipstick__chanel__rouge_allure_laque_ultrawear_shine_liquid_lip_colour__60_inflexible,lipstick__chanel__rouge_allure_laque_ultrawear_shine_liquid_lip_colour__60_inflexible.jpg,gold_bronze,bronze
lipstick__nars__full_vinyl_lip_lacquer__cape_town,lipstick__nars__full_vinyl_lip_lacquer__cape_town.jpg,gold_bronze,gold
lipstick__gerard_cosmetics__lipstick__1995,lipstick__gerard_cosmetics__lipstick__1995.png,mauve,pink mauve
lipstick__bareminerals__gen_nude_matte_liquid_lipcolor__swag,lipstick__bareminerals__gen_nude_matte_liquid_lipcolor__swag.jpg,mauve,mauve
lipstick__loreal__colour_riche_satin_lipstick__mauved_140,lipstick__loreal__colour_riche_satin_lipstick__mauved_140.jpg,mauve,mauve pink
lipstick__valentino__rosso_valentino_high_pigment_refillable_lipstick__107a_ode_to_naural,lipstick__valentino__rosso_valentino_high_pigment_refillable_lipstick__107a_ode_to_naural.jpg,mauve,mauve rose
lipstick__ilia__balmy_tint_hydrating_lip_balm__memoir,lipstick__ilia__balmy_tint_hydrating_lip_balm__memoir.jpg,mauve,mauve
lipstick__lawless__forget_the_filler_lipplumping_linesmoothing_satin_cream_lipstick__minx,lipstick__lawless__forget_the_filler_lipplumping_linesmoothing_satin_cream_lipstick__minx.jpg,mauve,mauve
lipstick__stila__stay_all_day_liquid_lipstick__firenze,lipstick__stila__stay_all_day_liquid_lipstick__firenze.jpg,mauve,mauve pink
lipstick__morphe__cream_lipstick__rebound,lipstick__morphe__cream_lipstick__rebound.jpg,mauve,rose mauve
lipstick__laura_mercier__petal_soft_lipstick_crayon__340_elodie,lipstick__laura_mercier__petal_soft_lipstick_crayon__340_elodie.jpg,mauve,mauve
lipstick__code8_beauty__matte_velour_lipstick__lima,lipstick__code8_beauty__matte_velour_lipstick__lima.jpg,mauve,mauve nude
lipstick__xx_revolution__xxude_satin_liquid_lipstick__nostalgia,lipstick__xx_revolution__xxude_satin_liquid_lipstick__nostalgia.jpg,mauve,blue mauve
lipstick__ofra_cosmetics__long_lasting_liquid_lipstick__pasadena,lipstick__ofra_cosmetics__long_lasting_liquid_lipstick__pasadena.jpg,mauve,mauve pink brown
lipstick__colourpop__blur_lux_lipstick__still_crazy,lipstick__colourpop__blur_lux_lipstick__still_crazy.jpg,mauve,mauve pink
lipstick__nyx_professional_makeup__smooth_whip_blurring_matte_lip_cream__18_onesie_funsie,lipstick__nyx_professional_makeup__smooth_whip_blurring_matte_lip_cream__18_onesie_funsie.jpg,mauve,mauve
lipstick__urban_decay__vice_hydrating_lipstick__liar,lipstick__urban_decay__vice_hydrating_lipstick__liar.jpg,nude_beige,nude
lipstick__dior__rouge_dior_forever_liquid_transferproof_lipstick__300_forever_nude_style,lipstick__dior__rouge_dior_forever_liquid_transferproof_lipstick__300_forever_nude_style.jpg,nude_beige,beige
lipstick__nars__soft_matte_tinted_lip_balm__intimate,lipstick__nars__soft_matte_tinted_lip_balm__intimate.jpg,nude_beige,beige nude
lipstick__nyx_professional_makeup__smushy_matte_lip_balm__soft_smile,lipstick__nyx_professional_makeup__smushy_matte_lip_balm__soft_smile.jpg,nude_beige,nude
lipstick__persona__season_one_matte_liquid_lipstick__og,lipstick__persona__season_one_matte_liquid_lipstick__og.jpg,nude_beige,nude
lipstick__nyx_professional_makeup__fat_oil_slick_click_vegan_lip_balm__06_hits_different,lipstick__nyx_professional_makeup__fat_oil_slick_click_vegan_lip_balm__06_hits_different.jpg,nude_beige,clear
lipstick__mac_cosmetics__matte_lipstick__act_natural,lipstick__mac_cosmetics__matte_lipstick__act_natural.jpg,nude_beige,golden nude
lipstick__dior__rouge_dior_forever_transferproof_lipstick__630_dune,lipstick__dior__rouge_dior_forever_transferproof_lipstick__630_dune.jpg,nude_beige,beige
lipstick__yves_saint_laurent__the_slim_glow_matte_lipstick__213_no_taboo_chili,lipstick__yves_saint_laurent__the_slim_glow_matte_lipstick__213_no_taboo_chili.jpg,nude_beige,chili nude
lipstick__valentino__rosso_valentino_high_pigment_refillable_lipstick__190r_walk_on_the_wild_side,lipstick__valentino__rosso_valentino_high_pigment_refillable_lipstick__190r_walk_on_the_wild_side.jpg,nude_beige,nude
lipstick__nyx_professional_makeup__fat_oil_slick_click_vegan_lip_balm__13_going_live,lipstick__nyx_professional_makeup__fat_oil_slick_click_vegan_lip_balm__13_going_live.jpg,nude_beige,clear
lipstick__dior__addict_lip_glow_butter__103_toffee,lipstick__dior__addict_lip_glow_butter__103_toffee.jpg,nude_beige,nude beige
lipstick__mac_cosmetics__powder_kiss_liquid_lipcolour__impulsive,lipstick__mac_cosmetics__powder_kiss_liquid_lipcolour__impulsive.jpg,nude_beige,yellow nude
lipstick__revlon__super_lustrous_lipstick__725_love_that_red,lipstick__revlon__super_lustrous_lipstick__725_love_that_red.jpg,orange,watermelon red
lipstick__valentino__rosso_valentino_high_pigment_refillable_lipstick__409a_copper_couture,lipstick__valentino__rosso_valentino_high_pigment_refillable_lipstick__409a_copper_couture.jpg,orange,orange
lipstick__nyx_professional_makeup__lip_lingerie_matte_liquid_lipstick__seduction,lipstick__nyx_professional_makeup__lip_lingerie_matte_liquid_lipstick__seduction.jpg,orange,red orange
lipstick__la_bouche_rouge_paris__matte_lipstick__nude_brun_matte,lipstick__la_bouche_rouge_paris__matte_lipstick__nude_brun_matte.jpg,orange,orange nude
lipstick__kosas__weightless_lip_color_lipstick__thrillest,lipstick__kosas__weightless_lip_color_lipstick__thrillest.jpg,orange,red orange
lipstick__emilie_heathe__lip_atelier__public,lipstick__emilie_heathe__lip_atelier__public.jpg,orange,orange
lipstick__jcat_beauty__flash_metal_metallic_matte_lip__earthbound_explorer,lipstick__jcat_beauty__flash_metal_metallic_matte_lip__earthbound_explorer.jpg,orange,orange
lipstick__colourpop__lippie_stix__brink,lipstick__colourpop__lippie_stix__brink.jpg,orange,terracotta rose
lipstick__dior__rouge_ultra_care_liquid_lipstick__749_dlight,lipstick__dior__rouge_ultra_care_liquid_lipstick__749_dlight.jpg,orange,orange
lipstick__winky_lux__matte_lip_velour_lipstick__dirty_love,lipstick__winky_lux__matte_lip_velour_lipstick__dirty_love.jpg,orange,orange
lipstick__milani__amore_satin_matte_lip_creme__velvet,lipstick__milani__amore_satin_matte_lip_creme__velvet.jpg,orange,brown terracotta
lipstick__tom_ford__extreme_lip_spark_lipstick__23_alias,lipstick__tom_ford__extreme_lip_spark_lipstick__23_alias.jpg,orange,orange red
lipstick__lisa_eldridge_makeup__rouge_experience_refillable_lipstick__184_romy,lipstick__lisa_eldridge_makeup__rouge_experience_refillable_lipstick__184_romy.jpg,other,heather
lipstick__nars__audacious_lipstick__greta,lipstick__nars__audacious_lipstick__greta.jpg,other,wild azalea
lipstick__buxom__full_force_plumping_lipstick__icon,lipstick__buxom__full_force_plumping_lipstick__icon.png,other,nectar
lipstick__melt_cosmetics__ultra_matte_lipstick__710,lipstick__melt_cosmetics__ultra_matte_lipstick__710.jpg,other,dijon mustard
lipstick__ctzn_cosmetics__nudiversal_lip_duo__capri,lipstick__ctzn_cosmetics__nudiversal_lip_duo__capri.jpg,peach,peach pink
lipstick__nyx_professional_makeup__lip_lingerie_xxl_longlasting_matte_liquid_lipstick__turn_on,lipstick__nyx_professional_makeup__lip_lingerie_xxl_longlasting_matte_liquid_lipstick__turn_on.jpg,peach,peach nude
lipstick__beauty_pie__futurelipstick_matte__avalon,lipstick__beauty_pie__futurelipstick_matte__avalon.jpg,peach,peach
lipstick__nars__powermatte_lip_pigment__low_rider,lipstick__nars__powermatte_lip_pigment__low_rider.jpg,peach,peach pink
lipstick__anastasia_beverly_hills__matte_lipstick__hollywood,lipstick__anastasia_beverly_hills__matte_lipstick__hollywood.jpg,peach,peach
lipstick__givenchy__le_rouge_lipstick__102_beige_plume,lipstick__givenchy__le_rouge_lipstick__102_beige_plume.jpg,peach,peach beige
lipstick__make_up_for_ever__rouge_artist_lipstick__104_bold_cinnamon,lipstick__make_up_for_ever__rouge_artist_lipstick__104_bold_cinnamon.jpg,peach,peach
lipstick__melt_cosmetics__liquid_lipstick__fuse,lipstick__melt_cosmetics__liquid_lipstick__fuse.jpg,peach,peach beige
lipstick__colourpop__fresh_kiss_hydrating_lip_creme__makeout,lipstick__colourpop__fresh_kiss_hydrating_lip_creme__makeout.jpg,peach,peach pink
lipstick__huda_beauty__demi_matte_cream_liquid_lipstick__shero,lipstick__huda_beauty__demi_matte_cream_liquid_lipstick__shero.web,peach,peach nude
lipstick__charlotte_tilbury__kissing_lipstick__red_carpet_pink,lipstick__charlotte_tilbury__kissing_lipstick__red_carpet_pink.jpg,pink,pink
lipstick__rms_beauty__tinted_daily_lip_balm__passion_lane,lipstick__rms_beauty__tinted_daily_lip_balm__passion_lane.jpg,pink,pink
lipstick__colourpop__lux_liquid_lip__genie,lipstick__colourpop__lux_liquid_lip__genie.jpg,pink,pink
lipstick__bossy_cosmetics__bullet_lipstick__experienced,lipstick__bossy_cosmetics__bullet_lipstick__experienced.png,pink,pink
lipstick__nars__lipstick__pour_toujours,lipstick__nars__lipstick__pour_toujours.jpg,pink,pink
lipstick__lancome__lip_idole_squalane12_butterglow_hydrating_lip_balm__10_keep_it_glowy,lipstick__lancome__lip_idole_squalane12_butterglow_hydrating_lip_balm__10_keep_it_glowy.jpg,pink,pink
lipstick__anastasia_beverly_hills__matte_lipstick__hush_pink,lipstick__anastasia_beverly_hills__matte_lipstick__hush_pink.jpg,pink,pink
lipstick__yves_saint_laurent__rouge_volupte_shine_lipstick_balm__52_trapeze_pink,lipstick__yves_saint_laurent__rouge_volupte_shine_lipstick_balm__52_trapeze_pink.jpg,pink,pink
lipstick__bossy_cosmetics__bullet_lipstick__graceful,lipstick__bossy_cosmetics__bullet_lipstick__graceful.jpg,pink,pink
lipstick__nyx_professional_makeup__lip_lingerie_xxl_longlasting_matte_liquid_lipstick__peek_show,lipstick__nyx_professional_makeup__lip_lingerie_xxl_longlasting_matte_liquid_lipstick__peek_show.jpg,pink,peony
lipstick__bobbi_brown__crushed_lip_color__blush,lipstick__bobbi_brown__crushed_lip_color__blush.jpg,pink,blue pink
lipstick__dior__rouge_dior_refillable_lipstick__582_miss_d,lipstick__dior__rouge_dior_refillable_lipstick__582_miss_d.jpg,pink,pink
lipstick__juice_beauty__phytopigments_liquid_lip__09_apple,lipstick__juice_beauty__phytopigments_liquid_lip__09_apple.jpg,pink,hot pink
lipstick__wyn_beauty__no_words_needed_lip_serum__engage,lipstick__wyn_beauty__no_words_needed_lip_serum__engage.jpg,pink,pink
lipstick__laura_mercier__petal_soft_lipstick_crayon__322_camille,lipstick__laura_mercier__petal_soft_lipstick_crayon__322_camille.jpg,pink,pink
lipstick__julep__its_whipped_matte_lip_mousse__03_whisper_mauve,lipstick__julep__its_whipped_matte_lip_mousse__03_whisper_mauve.jpg,pink,pink
lipstick__bareminerals__mineralist_hydrasmoothing_lipstick__confidence,lipstick__bareminerals__mineralist_hydrasmoothing_lipstick__confidence.jpg,pink,pink carnation
lipstick__ravie_beauty__effortless_lips__peony,lipstick__ravie_beauty__effortless_lips__peony.jpg,pink,pink
lipstick__nars__lipstick__giusti,lipstick__nars__lipstick__giusti.jpg,pink_nude,mauve nude pink
lipstick__huda_beauty__power_bullet_matte_lipstick__staycation,lipstick__huda_beauty__power_bullet_matte_lipstick__staycation.web,pink_nude,pink beige
lipstick__huda_beauty__original_liquid_matte_lipstick__bombshell,lipstick__huda_beauty__original_liquid_matte_lipstick__bombshell.jpg,pink_nude,pink nude
lipstick__byredo__lipstick__commuter,lipstick__byredo__lipstick__commuter.tif,pink_nude,pink nude
lipstick__inika_organic__lipstick__nude_pink,lipstick__inika_organic__lipstick__nude_pink.jpg,pink_nude,nude pink
lipstick__romnd__juicy_lasting_tint__25_bare_grape,lipstick__romnd__juicy_lasting_tint__25_bare_grape.jpg,pink_nude,beige pink
lipstick__lime_crime__matte_velvetine_lipstick__marshmallow,lipstick__lime_crime__matte_velvetine_lipstick__marshmallow.jpg,pink_nude,nude pink
lipstick__lh_cosmetics__majestick__mellow_mauve,lipstick__lh_cosmetics__majestick__mellow_mauve.jpg,pink_nude,pink beige
lipstick__yves_saint_laurent__ysl_loveshine_lip_oil_stick__150_nude_lingerie,lipstick__yves_saint_laurent__ysl_loveshine_lip_oil_stick__150_nude_lingerie.jpg,pink_nude,nude pink
lipstick__bobbi_brown__crushed_lip_color__brownie,lipstick__bobbi_brown__crushed_lip_color__brownie.jpg,pink_nude,beige pink
lipstick__ilia__lip_sketch_hydrating_lipstick_lip_liner_crayon__banquette,lipstick__ilia__lip_sketch_hydrating_lipstick_lip_liner_crayon__banquette.jpg,pink_nude,beige pink
lipstick__nyx_professional_makeup__dazed_diffused_blurring_lip_stick__roller_disco,lipstick__nyx_professional_makeup__dazed_diffused_blurring_lip_stick__roller_disco.jpg,purple_fuchsia,purple
lipstick__morphe__love_bite_lip_stain__melon_nectar,lipstick__morphe__love_bite_lip_stain__melon_nectar.jpg,purple_fuchsia,magenta
lipstick__revlon__super_lustrous_lipstick__463_sassy_mauve,lipstick__revlon__super_lustrous_lipstick__463_sassy_mauve.jpg,purple_fuchsia,pink purple
lipstick__revlon__ultra_hd_lip_mousse_hyper_matte__death_valley_830,lipstick__revlon__ultra_hd_lip_mousse_hyper_matte__death_valley_830.jpg,purple_fuchsia,pink purple
lipstick__ciate_london__liquid_velvet_matte_liquid_lipstick__head_over_heels,lipstick__ciate_london__liquid_velvet_matte_liquid_lipstick__head_over_heels.jpg,purple_fuchsia,fuchsia berry
lipstick__urban_decay__vice_lipstick_metallized__asphyxia,lipstick__urban_decay__vice_lipstick_metallized__asphyxia.jpg,purple_fuchsia,lavender
lipstick__bobbi_brown__luxe_matte_lipstick__plum_noir,lipstick__bobbi_brown__luxe_matte_lipstick__plum_noir.jpg,purple_fuchsia,purple plum
lipstick__givenchy__le_rouge_lipstick__323_framboise_couture,lipstick__givenchy__le_rouge_lipstick__323_framboise_couture.jpg,purple_fuchsia,berry fuchsia
lipstick__valentino__spike_valentino_buttery_matte_lip_color__605r_lilac_rain,lipstick__valentino__spike_valentino_buttery_matte_lip_color__605r_lilac_rain.jpg,purple_fuchsia,lavender
lipstick__milani__amore_satin_matte_lip_creme__violet_villain,lipstick__milani__amore_satin_matte_lip_creme__violet_villain.jpg,purple_fuchsia,purple
lipstick__milani__stay_put_matte_lip_crayon__190_v_cute,lipstick__milani__stay_put_matte_lip_crayon__190_v_cute.png,purple_fuchsia,berry fuchsia
lipstick__gucci__rouge_a_levres_satin_lipstick__405_grand_hotel,lipstick__gucci__rouge_a_levres_satin_lipstick__405_grand_hotel.jpg,purple_fuchsia,magenta
lipstick__nyx_professional_makeup__lip_lingerie_pushup_longlasting_lipstick__bedtime_flirt,lipstick__nyx_professional_makeup__lip_lingerie_pushup_longlasting_lipstick__bedtime_flirt.jpg,red,red pink
lipstick__chanel__rouge_allure_luminous_intense_lip_colour__211_subtile,lipstick__chanel__rouge_allure_luminous_intense_lip_colour__211_subtile.jpg,red,red beige
lipstick__chanel__le_rouge_duo_ultra_tenue_ultrawear_liquid_lip_colour__54_strawberry_red,lipstick__chanel__le_rouge_duo_ultra_tenue_ultrawear_liquid_lip_colour__54_strawberry_red.jpg,red,red
lipstick__givenchy__le_rouge_lipstick__37_rouge_graine,lipstick__givenchy__le_rouge_lipstick__37_rouge_graine.jpg,red,red
lipstick__lime_crime__matte_velvetine_lipstick__new_americana,lipstick__lime_crime__matte_velvetine_lipstick__new_americana.jpg,red,red
lipstick__lime_crime__plushies_liquid_lipstick__sorbet,lipstick__lime_crime__plushies_liquid_lipstick__sorbet.jpg,red,red
lipstick__ilia__color_block_lipstick__tango,lipstick__ilia__color_block_lipstick__tango.jpg,red,red
lipstick__lime_crime__metallic_velvetine_lipstick__eclipse,lipstick__lime_crime__metallic_velvetine_lipstick__eclipse.jpg,red,black red
lipstick__ulta__sheer_lipstick__red_raven,lipstick__ulta__sheer_lipstick__red_raven.jpg,red,red
lipstick__colourpop__lippie_stix__who_run_this,lipstick__colourpop__lippie_stix__who_run_this.jpg,red,red
lipstick__dior__rouge_ultra_care_liquid_lipstick__855_sensual,lipstick__dior__rouge_ultra_care_liquid_lipstick__855_sensual.jpg,red,scarlet red
lipstick__dose_of_colors__liquid_matte_lipstick__kiss_of_fire,lipstick__dose_of_colors__liquid_matte_lipstick__kiss_of_fire.jpg,red,red
lipstick__marie_hunter__lustrous_lipstick__ogden_avenue,lipstick__marie_hunter__lustrous_lipstick__ogden_avenue.jpg,red,pink red
lipstick__kylie_cosmetics__matte_lip_kit__no_sleep,lipstick__kylie_cosmetics__matte_lip_kit__no_sleep.jpg,red,pink red
lipstick__hourglass__phantom_volumizing_glossy_lip_balm__impulse_130,lipstick__hourglass__phantom_volumizing_glossy_lip_balm__impulse_130.jpg,red,red
lipstick__colourpop__lippie_stix__skywalking,lipstick__colourpop__lippie_stix__skywalking.jpg,red,red
lipstick__covergirl__outlast_lipstain__05_all_star,lipstick__covergirl__outlast_lipstain__05_all_star.jpg,red,red
lipstick__smashbox__always_on_cream_to_matte_lipstick__caliente,lipstick__smashbox__always_on_cream_to_matte_lipstick__caliente.jpg,red,red
lipstick__givenchy__le_rose_perfecto_color_lip_balm__303_warming_red,lipstick__givenchy__le_rose_perfecto_color_lip_balm__303_warming_red.jpg,red,red
lipstick__covergirl__outlast_forever_velvet_pigment_matte_lipstick__250_velvet_waves,lipstick__covergirl__outlast_forever_velvet_pigment_matte_lipstick__250_velvet_waves.jpg,red,red
lipstick__bobbi_brown__crushed_liquid_lipstick__main_squeeze,lipstick__bobbi_brown__crushed_liquid_lipstick__main_squeeze.jpg,red,red pink
lipstick__yves_saint_laurent__rouge_pur_couture_the_bold_high_pigment_lipstick__14_nude_tribute,lipstick__yves_saint_laurent__rouge_pur_couture_the_bold_high_pigment_lipstick__14_nude_tribute.tif,red,red
lipstick__charlotte_tilbury__tinted_love__blushed_rose,lipstick__charlotte_tilbury__tinted_love__blushed_rose.png,rose,pink rose
lipstick__julep__its_balm_creme_full_coverage_lip_crayon__04_dusty_orchid_shimmer,lipstick__julep__its_balm_creme_full_coverage_lip_crayon__04_dusty_orchid_shimmer.jpg,rose,rose
lipstick__freck_beauty__makeout_club_soft_blur_lipstick__the_moment,lipstick__freck_beauty__makeout_club_soft_blur_lipstick__the_moment.jpg,rose,rose
lipstick__nars__explicit_refillable_satin_lipstick__821_liason,lipstick__nars__explicit_refillable_satin_lipstick__821_liason.jpg,rose,tan rose
lipstick__nars__powermatte_lip_pigment__somebody_to_love,lipstick__nars__powermatte_lip_pigment__somebody_to_love.jpg,rose,rose brown
lipstick__natasha_denona__i_need_a_nude_lipstick__31np_beatrice,lipstick__natasha_denona__i_need_a_nude_lipstick__31np_beatrice.jpg,rose,rose
lipstick__kylie_cosmetics__matte_lip_crayon__realizing_things,lipstick__kylie_cosmetics__matte_lip_crayon__realizing_things.jpg,rose,pink rose
lipstick__dior__rouge_dior_forever_liquid_transferproof_lipstick__720_forever_icone,lipstick__dior__rouge_dior_forever_liquid_transferproof_lipstick__720_forever_icone.jpg,rose,rosewood
lipstick__charlotte_tilbury__limitless_lucky_lips__everlasting_blossom,lipstick__charlotte_tilbury__limitless_lucky_lips__everlasting_blossom.png,rose,rose
lipstick__jason_wu_beauty__honey_fluff_lip_cream__01_adored,lipstick__jason_wu_beauty__honey_fluff_lip_cream__01_adored.jpg,rose,rosewood nude
lipstick__bodyography__lipstick__tolede,lipstick__bodyography__lipstick__tolede.jpg,rose,pink rose
lipstick__chanel__le_rouge_duo_ultra_tenue_ultrawear_liquid_lip_colour__112_chic_rosewood,lipstick__chanel__le_rouge_duo_ultra_tenue_ultrawear_liquid_lip_colour__112_chic_rosewood.jpg,rose,rosewood
lipstick__nars__audacious_lipstick__lea,lipstick__nars__audacious_lipstick__lea.jpg,rose,rose
lipstick__bobbi_brown__crushed_lip_color__italian_rose,lipstick__bobbi_brown__crushed_lip_color__italian_rose.jpg,rose,brown rose
lipstick__nars__powermatte_lip_pigment__walk_this_way,lipstick__nars__powermatte_lip_pigment__walk_this_way.jpg,rose,rose pink
lipstick__gucci__rouge_a_levres_mat_matte_lipstick__they_met_in_argentina,lipstick__gucci__rouge_a_levres_mat_matte_lipstick__they_met_in_argentina.web,rose,rosewood
lipstick__dear_dahlia__lip_paradise_sensual_lip_glow__g105_isabelle,lipstick__dear_dahlia__lip_paradise_sensual_lip_glow__g105_isabelle.png,rose,rose
lipstick__nars__lipstick__exbury,lipstick__nars__lipstick__exbury.jpg,rose,pink rose
lipstick__buxom__fullon_satin_lipstick__rose_bubbles,lipstick__buxom__fullon_satin_lipstick__rose_bubbles.jpg,rose,rose pink
lipstick__mob_beauty__soft_matte_lipstick__m94,lipstick__mob_beauty__soft_matte_lipstick__m94.jpg,rose,mocha rose
lipstick__dior__rouge_ultra_rouge_lipstick__0_ultra_light,lipstick__dior__rouge_ultra_rouge_lipstick__0_ultra_light.jpg,silver_gray,white
lipstick__jeffree_star_cosmetics__velour_liquid_lipstick__drug_lord,lipstick__jeffree_star_cosmetics__velour_liquid_lipstick__drug_lord.jpg,silver_gray,white
lipstick__revolution_pro__supreme_matte_lip_pigment__psychedelic,lipstick__revolution_pro__supreme_matte_lip_pigment__psychedelic.jpg,silver_gray,white
lipstick__kvd_beauty__everlasting_liquid_lipstick__dagger,lipstick__kvd_beauty__everlasting_liquid_lipstick__dagger.jpg,silver_gray,gray
lipstick__melt_cosmetics__lipstick__tomboy,lipstick__melt_cosmetics__lipstick__tomboy.jpg,silver_gray,moss gray
