brand,product,shade,cielab
anastasia beverly hills,satin lipstick,peach amber,"[48.63861456931009, 38.502715358552486, 25.980072797990704]"
armani beauty,lip magnet liquid lipstick,503 glow,"[46.13037032002918, 46.42654858078982, 26.736386697987214]"
estée lauder,pure color hi-lustre lipstick,546 angel lips,"[72.36939725049862, 17.389590394966238, 6.059762058058871]"
i heart revolution,soft peach liquid lipstick,nectarine,"[68.44961380800277, 30.300328221085415, 28.836413314261478]"
nudestix,magnetic plush paint - lip cheek & eye color,sunset peach,"[53.14666649839522, 29.31856596494181, 35.40449832415572]"
soshe beauty,ceramide refillable lip silk,with love,"[26.994374479599642, 49.73266107429139, 39.921163969465404]"
vasanti cosmetics,matte crush lipstick pencil,peachy keen,"[46.77840199310278, 8.505414947272582, 4.872820374801656]"
victoria beckham beauty,bitten lip tint,amour,"[27.628845317677637, 50.46656925492149, 40.71761898004153]"
wayne goss,the luxury cream lipstick,dahlia,"[66.941926548845, 30.79511028611226, 27.302676869355835]"
armani beauty,lip maestro liquid matte lipstick,104 riolto,"[36.40175192271735, 40.29216306412262, 24.554653433813055]"
bareminerals,mineralist hydra-smoothing lipstick,focus,"[67.87177411138111, 8.07923536412808, 11.258784954055345]"
bodyography,lipstick,sorbet,"[47.20175160820955, 9.606917529597025, 4.007856286229328]"
buxom,dolly's glam getaway full-on satin lipstick,pink crush,"[58.86549752012594, 32.00719701850352, 0.32487523485635883]"
colour lit,liquid matte lipstick,stunner,"[52.812801933739664, 20.409270534075542, 12.791876537771874]"
fenty beauty by rihanna,slip shine sheer shiny lipstick,07 goji gang,"[76.11761545104255, 4.124969467273088, 5.590696393171979]"
fenty beauty by rihanna,stunna lip paint longwear fluid lip color,uncuffed,"[65.08596818222092, 25.929766197603954, 8.916761741447331]"
laura mercier,rouge essentiel silky cream lipstick,rose mauve,"[49.926106909278914, 5.567187930358763, 6.43729293659423]"
lime crime,plushies liquid lipstick,milk tea,"[73.62188276422944, 18.318860108289094, 1.0302652506434917]"
spela cosmetics,liquid lipstick,spa day,"[67.59757734528615, 32.00383674568036, 15.101746493239165]"
tarte,tarteist creamy matte lip paint,tbt,"[32.000743368123686, 7.016662554367476, 6.351302664860114]"
af94,lava lust lip stain,slip dress,"[73.13718091957101, 38.8341913614923, 18.07970114881321]"
becca cosmetics,ultimate lipstick love,dune,"[75.72767742712075, 8.97169676709736, 15.196018977612201]"
estée lauder,pure color crystal lipstick,564 crystal baby,"[74.53304896098321, 5.643785013498714, 14.718280915640936]"
i heart revolution,soft peach liquid lipstick,apricot,"[68.89889332287778, 31.968584024418657, 36.000332569892635]"
kaja,air heart lightweight natural finish lipstick,02 bbygirl,"[62.271084206304536, 30.913611967208652, 15.941203720484554]"
pat mcgrath labs,lip fetish sheer colour balm,passion flower,"[78.95127186919089, 17.49160251476689, 16.87450229894427]"
ciatè london,glitter flip,whisper,"[68.73105339933484, 7.662117226076126, 4.132370470967861]"
estée lauder,pure color matte lipstick,868 influential,"[71.81195527323922, 13.182576110617294, 3.0991798266319037]"
givenchy,le rose perfecto color lip balm,201 timeless pink,"[68.78001737223774, 4.4746256875113355, 1.2991968435722034]"
huda beauty,original liquid matte lipstick,spice girl,"[49.39216932533077, 8.03028079504875, 2.637796699953965]"
ilia,tinted lip conditioner,forever,"[65.00652788591333, 7.041787609550543, 4.183618590824745]"
kiko milano,you make me matte lipstick,love mauve,"[72.40089954551371, 11.562403629206075, 3.4576905276853864]"
kkw beauty,pink creme lipstick,pink 5,"[74.79059017340248, 11.828112037521265, 6.5329399154468115]"
lipstick queen,lipdulgence lip powder,mauve macaron,"[49.43009364397116, 7.136577163219416, 1.0236684441738086]"
milk makeup,lip color,low key,"[75.71260068674317, 6.721097691387845, 1.0023423039339674]"
too faced,melted matte liquid lipstick,granny panties,"[63.8137732123769, 3.2524300983981513, 8.526032286111507]"
dior,rouge ultra care liquid lipstick,539 petal,"[38.90657876465281, 26.84613538130609, 11.148562793657458]"
make up for ever,rouge artist lipstick,104 bold cinnamon,"[27.550095202438364, 2.503285770653868, 0.42270472939605064]"
anastasia beverly hills,liquid lipstick,poet,"[60.46248999851123, 8.59572449283591, -0.4309087446558779]"
armani beauty,lip maestro liquid matte lipstick,212 mistero,"[28.42939978319493, 21.393065152286617, 2.0859926688867936]"
bite beauty,power move creamy matte lip crayon,glace,"[40.49037755029846, 20.697638165002225, 6.861717455602367]"
blk/opl,liquid matte lipstick,chic mauve,"[47.71502959252429, 4.159324909027873, 0.07489494136465602]"
bobbi brown,crushed lip color,telluride,"[42.10820246974377, 8.183628795989994, 1.146133148601225]"
estée lauder,pure color matte lipstick,669 stolen heart,"[61.3589329359517, 19.791846599599594, 4.8333619463175825]"
jouer cosmetics,long-wear lip creme liquid lipstick,aubergine,"[41.515003095646875, 8.042579042791488, 0.09037730834180469]"
kylie cosmetics,velvet lip kit,mind ya business,"[45.722918474061274, 19.67343165476193, 8.70121535628543]"
make up for ever,rouge artist lipstick,110 fearless valentine,"[24.146602088736174, 3.246677429779882, -0.24920625383384465]"
make up for ever,rouge artist lipstick,414 rockin' rust,"[25.28658436390908, 3.827245276760288, -1.2855197515231453]"
melt cosmetics,liquid lipstick,janice,"[47.74525389003977, 1.0664516752127984, -0.032156028598140374]"
nars,powermatte lip pigment,save the queen,"[55.27435009631279, 5.977003110421042, 0.06287410965739593]"
nyx professional makeup,lip lingerie matte liquid lipstick,bustier,"[44.403666582249585, 6.78328229457803, 3.6987833031212114]"
revlon,super lustrous lipstick,764 on the mauve,"[53.817372772743084, 34.47253942934792, 9.52733529570462]"
smashbox,always on longwear matte liquid lipstick,spoiler alert,"[41.81797606098324, 4.834306201666417, 0.9437090032177076]"
stila,stay all day liquid lipstick,sheer azalea,"[70.17767741901022, 21.90011862327118, -0.8149105110971888]"
charlotte tilbury,superstar lips,glow kiss,"[74.78688921286381, 11.798098785624322, 18.541086728692058]"
bareminerals,gen nude matte liquid lipcolor,weekend,"[61.15358435213702, 14.493483931759531, 8.035431994895337]"
emolyne cosmetics,velvet lip,fes,"[60.389491339506776, 26.615192383798114, 11.949136645481872]"
estée lauder,pure color matte lipstick,676 flirtacious,"[66.07150348364775, 16.52689781118716, 7.39721486121383]"
jeffree star cosmetics,velour liquid lipstick,gemini,"[70.88880126397434, 24.834632762002705, 11.671945240427405]"
lime crime,plushies liquid lipstick,marmalade,"[74.1891228231359, 22.07019159581458, 7.2693794148842805]"
mac cosmetics,powder kiss lipstick,mull it over,"[53.51465575545322, 9.470942131771466, 2.656915744110022]"
melt cosmetics,ultra matte lipstick,summer!,"[36.86054515022528, 5.512020070719659, -0.40861078744002244]"
nyx professional makeup,soft matte lip cream,kyoto,"[53.8577102630106, 22.450262724913905, 12.606159755774371]"
pat mcgrath labs,liquilust: legendary wear matte lipstick,nude cabaret,"[72.48626564756135, 16.64090114025346, 9.736321840555107]"
persona,daymask peptide lip balm,june,"[76.81472277324116, 15.92353601018659, 14.331075853279662]"
rare beauty by selena gomez,with gratitude dewy lip balm,praise,"[70.51731816516987, 33.45266314366563, 13.286679056565376]"
rokael beauty,refined gold velvet lip creme,destined,"[41.7821422702508, 37.92273263882107, 20.43923198676869]"
sephora collection,rouge lacquer lipstick,27 strong as helle,"[53.615522588800616, 5.44753741096049, 2.026963325479736]"
ultra violette,sheen screen spf50 hydrating lip balm,peach,"[70.51599848164955, 11.925202352663089, -6.239626850194235]"
anastasia beverly hills,liquid lipstick,jealousy,"[55.26818825921988, 12.725493068723615, 1.3411834191198624]"
bareminerals,mineralist hydra-smoothing lipstick,presence,"[64.99327343655558, 8.534296827957643, 11.544360917509543]"
bodyography,lip vapour,moonlit mauve,"[44.58181502760545, 24.343250452062037, 6.696146608301989]"
buxom,full force plumping lipstick,dolly dreamer,"[48.11746344371774, 4.261825450144419, -0.5580646846072623]"
colourpop,lippie stix,cami,"[66.7836977945739, 18.085790835719983, 5.266811973300989]"
colourpop,lippie stix,happy thoughts,"[67.70978012649414, 19.0328647830022, -1.7954435318299211]"
estée lauder,pure color matte lipstick,809 secret sandal,"[65.24183537446817, 12.648021563777922, 1.4524371925010326]"
estée lauder,sabyasachi limited edition matte lipstick,apricot silk,"[64.24302155621898, 17.10571940130412, 10.841413589920323]"
lime crime,matte velvetine lipstick,trinity,"[60.50421771335165, 34.50321968048209, 10.9293298428496]"
mac cosmetics,lustre lipstick,midimauve,"[32.33408189118688, 4.851325851715993, 0.6506185788246688]"
mac cosmetics,viva glam lipstick,viva glam ii,"[37.128158503274335, 28.33537998489885, 8.191139683781845]"
milk makeup,lip color,hype,"[73.1955280042212, 7.520354748167868, -0.750625931775617]"
mob beauty,soft matte lipstick,m93,"[61.89297838254164, 41.139110062461235, 12.483383823611494]"
nars,air matte liquid lipstick,chaser,"[34.05056928627344, 14.491079828337277, 1.230654970927636]"
natasha denona,i need a nude lipstick,23p averyl,"[60.50974189786963, 9.338825755571989, -0.2441981785172631]"
nyx professional makeup,soft matte lip cream,cannes,"[53.0241689232018, 16.337941339385875, 4.203643858155015]"
pat mcgrath labs,blitztrance lipstick,lady stardust,"[70.54212043284943, 4.817275096007267, 10.590901626810023]"
pretty vulgar,my lips are sealed liquid lipstick,artful deception,"[65.4225783831705, 9.847694370494375, 4.681076522501582]"
rare beauty by selena gomez,lip souffle matte cream lipstick,courage,"[64.10094372613226, 26.440169477784714, 14.55860244591154]"
sephora collection,rouge lacquer lipstick,17 rise above,"[56.25201419575946, 2.848569221683972, 0.10960661722869691]"
ulta,lasting color lip gloss stain,monarchy,"[54.92744617534868, 10.314092621354353, 1.0764022637737236]"
ultra violette,sheen screen spf50 hydrating lip balm,rose,"[54.520293677024014, 39.70604332929328, 13.346620102253691]"
wonderskin,wonder blading lip stain masque,bella,"[51.01496188949368, 49.09383756281693, 8.19965596961767]"
yves saint laurent,tatouage couture liquid matte lip stain,26 neutral underground,"[57.94535369131037, 8.209233124819082, 14.027227726480994]"
bodyography,fabric texture lipstick,chiffon,"[22.096105735839963, 2.0900686062309273, -2.251402956509352]"
bodyography,fabric texture lipstick,silk,"[34.903148417076274, 3.0472256125572694, -1.7457106400321942]"
lancôme,l'absolu lacquer long-lasting liquid lipstick,308 let me shine,"[33.9295815283195, 4.274120700479528, 2.3184665261341775]"
smashbox,always on cream to matte lipstick,promoted,"[40.45194756156575, 1.196856286077963, -1.5952111296755889]"
anastasia beverly hills,lip velvet full-pigment lip mousse,peach amber,"[61.887758774205835, 24.84783132951224, 23.521952197228302]"
charlotte tilbury,matte revolution lipstick,catwalking,"[54.57026791308067, 27.27182442820364, 24.851096464145506]"
ciatè london,wonderwand lipstick,dreamer,"[72.82378572911428, 17.288239450692856, 17.124186658205698]"
dapop,lipstick,balbina,"[54.40279915231784, 23.181045840985682, 16.3705913011591]"
dose of colors,liquid matte lipstick,sweet & sassy,"[50.416852504262394, 16.772241260657573, 10.121875115686695]"
estée lauder,pure color explicit slick shine lipstick,903 wrong number,"[63.46349103448617, 20.770000338637907, 9.919300766783511]"
estée lauder,pure color illuminating shine lipstick,dreamlike 904,"[65.13364944089889, 38.676953284224766, 21.91311998109706]"
haus labs by lady gaga,le monster lip crayon vegan lipstick and lip liner,peach matte,"[61.50153716336395, 11.762244159803203, 15.057980167041585]"
mented cosmetics,semi-matte lipstick,peach please,"[43.45780207315523, 11.082951916656924, 6.656138395702527]"
revlon,super lustrous lipstick,415 pink in the afternoon,"[58.60838264288262, 38.45494003692457, 15.70271330440709]"
revlon,super lustrous lipstick,423 pink velvet,"[49.30746503458762, 5.064794489035574, 8.706855452861628]"
simihaze beauty,velvet blur matte lipstick balm,mist,"[55.97822020258272, 20.5314010781395, 10.768474670273086]"
sunnies face,lip dip,peachy kinda,"[58.41176422899338, 49.705697367878386, 32.29155551853925]"
valentino,rosso valentino high pigment refillable lipstick,106a soft sienna,"[54.22810823128134, 30.15489533204202, 17.66711363531477]"
zoeva,velvet love matte hyaluronic long-lasting lipstick,parda,"[54.46753198592023, 20.444039792862633, 16.349808886859684]"
bareminerals,gen nude matte liquid lipcolor,juju,"[49.575394821403236, 12.470006158907697, 5.247772610124923]"
flower beauty,miracle matte liquid lip color,soft berry,"[77.30597791396882, 9.613217813042807, 7.044519927159731]"
kaja,air heart lightweight natural finish lipstick,03 ride or die,"[55.84599645541877, 19.85083411788391, 14.025296693406464]"
l'oréal,colour riche satin lipstick,montmartre 129,"[60.46464004991732, 11.628336922454297, 19.85621051273774]"
laura mercier,rouge essentiel silky cream lipstick,mauve merveilleux,"[50.99312072082965, 4.860350825537485, 7.154774238984896]"
maybelline,superstay matte ink lip color,dreamer,"[73.27150182059499, 23.69725908960263, 5.325692083248934]"
maybelline,superstay matte ink lip color,revolutionary,"[74.43134886300949, 14.01221130245095, 0.04227609233211638]"
revlon,super lustrous lipstick,637 blushing nude,"[42.9750599976315, 3.6947624450945904, 10.287279572923714]"
sephora collection,rouge lacquer lipstick,31 reckless,"[64.09544335382067, 2.027252966681825, -0.23430123442607087]"
too faced,melted matte liquid lipstick,finesse,"[58.70294129730003, 11.446548400450729, 14.6909369563192]"
too faced,melted matte liquid lipstick,poppin' corks,"[63.93133771958645, 13.104438064336254, 15.040055902485872]"
winky lux,matte lip velour lipstick,meow,"[73.21060327044287, 7.187365575607507, 16.60204641485683]"
morphe,matte liquid lipstick,pep talk,"[49.22671875825229, 5.458149560432945, 3.9651595435009623]"
stila,stay all day liquid lipstick,salina,"[67.88026851083585, 10.418964463829116, 11.657068456649778]"
anastasia beverly hills,matte lipstick,hollywood,"[55.062816690027134, 9.00268436118401, 7.6617263864592555]"
armani beauty,lip power long lasting satin lipstick,103 androgino,"[71.20704234171696, 25.411742909274892, 15.660566166828872]"
charlotte tilbury,k.i.s.s.i.n.g lipstick,runway royalty,"[73.83444886409114, 14.614931452228252, 22.86391630494098]"
clinique,pop matte lip colour + primer,5 melon pop,"[70.42570376141656, 19.00489072317091, 15.311003037709515]"
ctzn cosmetics,nudiversal lip duo,bali,"[41.76175130477014, 6.6226037296922, 7.473659929207177]"
estée lauder,pure color matte lipstick,856 object of desire,"[69.6582134322551, 16.344360662393253, 5.2448360931222515]"
lime crime,metallic velvetine lipstick,siren,"[63.73154993260303, 31.882533091108613, 13.229105249405016]"
merit,signature lip lightweight matte lipstick,antibes,"[74.26240273630476, 13.897341198052803, 10.394558001973596]"
milk makeup,lip color,c.r.e.a.m.,"[77.50120501965654, 10.338913214849255, 3.0454781069906955]"
natasha denona,i need a nude lipstick,14nb judith,"[70.48303523153763, 9.58214757057374, 1.1318160543182687]"
rituel de fille,enchanted lip sheer,narcissus,"[76.11668019502956, 21.187394915545056, 19.479941787497413]"
sephora collection,melting lip clicks lip balm,05 peach sorbet,"[49.64714281989353, 15.260640496100708, 8.348971248093306]"
sephora collection,sheer matte lip balm,apricot,"[79.7385494751964, 18.851329051889522, 18.29633438290299]"
zoeva,powerful lip twist,hestia,"[77.60780421486722, 20.011675682237662, 18.25596451848417]"
about-face,paint-it matte lip color,not your baby,"[64.7884629104839, 8.697555305464345, 1.6885443165541636]"
bareminerals,gen nude matte liquid lipcolor,slay,"[49.098108383857564, 9.069841592157847, 4.411109283641346]"
bareminerals,gen nude matte liquid lipcolor,swag,"[48.52581644873527, 10.720500560443547, 4.305807426185848]"
bodyography,lipstick,catfight,"[53.005474426509, 8.961222469619834, 1.8148793294663568]"
mac cosmetics,frost lipstick,fabby,"[23.137086321834595, 1.501926738848136, 0.1421380628876756]"
natasha denona,i need a nude lipstick,5b nati,"[64.71305494051583, 5.999241540558864, 0.8307277839242122]"
pat mcgrath labs,blitztrance lipstick,skinsane,"[70.32679364079243, 4.889712300625682, 10.697648516562918]"
rare beauty by selena gomez,lip souffle matte cream lipstick,confident,"[59.90195374924859, 33.12161668219949, 9.585711208843929]"
ulta,lasting color lip gloss stain,regal,"[60.97189489623257, 5.104836983195138, 1.3893802716842707]"
charlotte tilbury,superstar lips,sexy lips,"[54.76537626916685, 15.320592079449135, 18.20819783693124]"
glossier,generation g sheer matte lipstick,cake,"[46.019778984494515, 2.4294229346317753, 0.05916953845521711]"
hourglass,phantom volumizing glossy lip balm,wish 95,"[53.92421793897191, 32.27155585121228, 23.48912346978741]"
kulfi,heirloom satin lipstick,polki dots,"[67.29329698337295, 25.38235770297953, 14.272331975098496]"
revlon,super lustrous lipstick,808 dirty shirley,"[43.00710238193404, 15.42411836233909, 11.319395362067652]"
shiseido,visionairy gel lipstick,202 bullet train,"[35.30613835648981, 7.377484027693254, 2.7768532929776657]"
sigma beauty,infinity point lipstick,peach tea,"[35.84147383102446, 14.051184475563694, 8.38482380644825]"
smashbox,always on cream to matte lipstick,not today,"[29.486900944389653, 1.6652153109724954, -2.713496463792886]"
stila,stay all day liquid lipstick,romanza,"[84.43583982461084, 9.989111285904517, 4.12227646546286]"
tom ford,lip color lipstick,14 sable smoke,"[52.37929040282654, 17.5818481535982, 14.886658521426256]"
anastasia beverly hills,liquid lipstick,dusty rose,"[66.09389306654482, 10.081312040959634, -0.6540828215281458]"
anastasia beverly hills,liquid lipstick,veronica,"[64.09861583064318, 9.166429132505149, -0.13365548295920515]"
ardell,matte whipped lipstick,unsafe & wicked,"[46.589021157929736, 7.188204821469258, -1.8585654766633652]"
ardell,vinyl vixen lip lacquer,lover,"[48.71665935040748, 14.600679011072316, 0.3085612544118099]"
bodyography,lipstick,hot kiss,"[54.092207291375644, 9.958108665271027, 0.6341866186754475]"
buxom,full force plumping lipstick,rockstar,"[50.1848823173581, 2.8098543533438547, -1.4796765421464464]"
buxom,serial kisser plumping lip stain,frenchie,"[37.85402939124515, 8.52932142906171, -1.0864696522119965]"
buxom,serial kisser plumping lip stain,pucker up dolly,"[38.488797772940096, 8.026166377052668, 0.7374897520219914]"
estée lauder,pure color envy matte sculpting lipstick,113 raw edge,"[70.83308678289286, 14.1600885593135, 3.0990066335100597]"
hourglass,girl lip stylo,achiever,"[40.73595694543614, 8.80034519400938, 9.457768709927128]"
lancôme,l'absolu lacquer long-lasting liquid lipstick,306 infra rose,"[35.695931651796144, 3.9910325841830128, 1.5496785901242816]"
lancôme,l'absolu lacquer long-lasting liquid lipstick,356 rose fugace,"[34.6941166623658, 5.639676144336747, 1.4092932324642482]"
lime crime,matte velvetine lipstick,gigi,"[54.57298765862727, 33.270554262743616, 9.645821392950914]"
lorac,pro satin lip color,blush,"[12.616301493584132, 2.176614079667516, -3.8216885344173]"
maybelline,superstay vinyl ink liquid lipcolor,40 witty,"[56.43632363387982, 23.884099834827865, 5.543877627785232]"
mineral fusion,lipstick,inspire,"[75.58239054579884, 14.313630097047337, 9.721006503040396]"
morphe,matte liquid lipstick,jealousy,"[53.48514457188763, 25.903645405005005, 10.479611047166237]"
nudestix,nude plumping lip glace,nude 04,"[41.304448693999674, 19.548238531769986, 4.175395348797117]"
nyx professional makeup,soft matte lip cream,budapest,"[28.029419270903247, 15.341437443198853, 3.9575444403449067]"
ogee,full bloom sculpted lipstick,amnesia,"[53.0389441953798, 28.229385989865964, 1.6096329909357054]"
r.e.m. beauty,eclipse cheek & lip stick,opening night,"[47.89954663331339, 32.70686575745108, 8.680440896401699]"
revlon,super lustrous lipstick,760 desert escape,"[53.81737277274307, 34.47253942934797, 9.52733529570462]"
revlon,ultra hd lip mousse hyper matte,spice 825,"[55.14634122822021, 12.310465845019047, 5.142597369797652]"
sigma beauty,infinity point lipstick,temptation,"[41.04772863682993, 15.607994946059412, 11.336578893023486]"
sigma beauty,liquid lipstick,new mod,"[46.03947528267505, 19.81454378738279, 7.9330784489927915]"
smashbox,be legendary liquid lip,mauve squad,"[43.89015814449143, 11.765001789449725, 6.138691694691866]"
smashbox,be legendary prime & plush lipstick,spoiler alert,"[49.42235504424089, 37.79647624841975, 13.222868450783466]"
tarte,sugar rush - sugar coat velvet liquid lipstick,cupcake,"[62.55139210531925, 17.531833987232847, 9.555968388207692]"
ulta,radiant shine lipstick,straight a's,"[62.88956948203807, 4.168364810957392, -2.2539097937262165]"
ulta,velvet matte lip crayon,wilderness,"[51.791776843799994, 10.28021266421547, -0.9098085977413684]"
yves saint laurent,rouge volupte shine lipstick balm,86 mauve cuir,"[51.170031621163375, 12.378860259951773, 17.280344587335815]"
zoeva,pure velours lip,faint of heart,"[46.924595783226565, 11.320666133960822, 3.720361678879125]"
