img_name,label,img_name_disk,true_L,true_a,true_b,mask_path
lipstick__aboutface__paintit_matte_lip_color__night_sight.jpg,swatch,lipstick__aboutface__paintit_matte_lip_color__night_sight.jpg,2.67771784,-0.000170006861,0.000322248075,/Users/connie/dev/lipstick_color_extraction/data/annotations/masks/lipstick__aboutface__paintit_matte_lip_color__night_sight.png
lipstick__anastasia_beverly_hills__liquid_lipstick__kathryn.jpg,swatch,lipstick__anastasia_beverly_hills__liquid_lipstick__kathryn.jpg,42.00885443,33.80154955,12.56796113,/Users/connie/dev/lipstick_color_extraction/data/annotations/masks/lipstick__anastasia_beverly_hills__liquid_lipstick__kathryn.png
lipstick__anastasia_beverly_hills__liquid_lipstick__reqiuem.jpg,liquid_lipstick,lipstick__anastasia_beverly_hills__liquid_lipstick__reqiuem.jpg,27.46310084,-7.88228178,-13.00683742,/Users/connie/dev/lipstick_color_extraction/data/annotations/masks/lipstick__anastasia_beverly_hills__liquid_lipstick__reqiuem.png
lipstick__anastasia_beverly_hills__matte_lipstick__hollywood.jpg,bullet_lipstick,lipstick__anastasia_beverly_hills__matte_lipstick__hollywood.jpg,57.43948694,28.84985295,23.24168941,/Users/connie/dev/lipstick_color_extraction/data/annotations/masks/lipstick__anastasia_beverly_hills__matte_lipstick__hollywood.png
lipstick__anastasia_beverly_hills__matte_lipstick__hush_pink.jpg,swatch,lipstick__anastasia_beverly_hills__matte_lipstick__hush_pink.jpg,63.29601534,32.9255122,14.85995236,/Users/connie/dev/lipstick_color_extraction/data/annotations/masks/lipstick__anastasia_beverly_hills__matte_lipstick__hush_pink.png
lipstick__antipodes__lipstick__boom_rock_bronze.jpg,swatch,lipstick__antipodes__lipstick__boom_rock_bronze.jpg,55.46589501,53.21805346,29.05565691,/Users/connie/dev/lipstick_color_extraction/data/annotations/masks/lipstick__antipodes__lipstick__boom_rock_bronze.png
lipstick__armani_beauty__lip_maestro_liquid_matte_lipstick__209_palazzo.jpg,liquid_lipstick,lipstick__armani_beauty__lip_maestro_liquid_matte_lipstick__209_palazzo.jpg,28.09676713,35.59791869,24.71585117,/Users/connie/dev/lipstick_color_extraction/data/annotations/masks/lipstick__armani_beauty__lip_maestro_liquid_matte_lipstick__209_palazzo.png
lipstick__au_naturale__eternity_sheer_lipstick__frose.jpg,bullet_lipstick,lipstick__au_naturale__eternity_sheer_lipstick__frose.jpg,44.17659844,36.5241601,20.9675518,/Users/connie/dev/lipstick_color_extraction/data/annotations/masks/lipstick__au_naturale__eternity_sheer_lipstick__frose.png
lipstick__bareminerals__gen_nude_matte_liquid_lipcolor__swag.jpg,other,lipstick__bareminerals__gen_nude_matte_liquid_lipcolor__swag.jpg,58.41921916,27.26361429,11.51752046,/Users/connie/dev/lipstick_color_extraction/data/annotations/masks/lipstick__bareminerals__gen_nude_matte_liquid_lipcolor__swag.png
lipstick__bareminerals__mineralist_hydrasmoothing_lipstick__confidence.jpg,swatch,lipstick__bareminerals__mineralist_hydrasmoothing_lipstick__confidence.jpg,51.78111407,49.68522977,12.80210797,/Users/connie/dev/lipstick_color_extraction/data/annotations/masks/lipstick__bareminerals__mineralist_hydrasmoothing_lipstick__confidence.png
lipstick__bareminerals__mineralist_lasting_matte_liquid_lipstick__passionate.jpg,swatch,lipstick__bareminerals__mineralist_lasting_matte_liquid_lipstick__passionate.jpg,30.67990426,49.6091719,32.64469348,/Users/connie/dev/lipstick_color_extraction/data/annotations/masks/lipstick__bareminerals__mineralist_lasting_matte_liquid_lipstick__passionate.png
lipstick__beauty_bakerie__waffle_things_matte_lipstick__waffles_or_pancakes.jpg,swatch,lipstick__beauty_bakerie__waffle_things_matte_lipstick__waffles_or_pancakes.jpg,39.71056909,25.78156863,13.93957263,/Users/connie/dev/lipstick_color_extraction/data/annotations/masks/lipstick__beauty_bakerie__waffle_things_matte_lipstick__waffles_or_pancakes.png
lipstick__beauty_pie__futurelipstick_matte__avalon.jpg,swatch,lipstick__beauty_pie__futurelipstick_matte__avalon.jpg,65.70142641,45.31481906,32.58935901,/Users/connie/dev/lipstick_color_extraction/data/annotations/masks/lipstick__beauty_pie__futurelipstick_matte__avalon.png
lipstick__bite_beauty__power_move_creamy_matte_lip_crayon__brandy.jpg,bullet_lipstick,lipstick__bite_beauty__power_move_creamy_matte_lip_crayon__brandy.jpg,35.45728429,27.81292667,10.3928718,/Users/connie/dev/lipstick_color_extraction/data/annotations/masks/lipstick__bite_beauty__power_move_creamy_matte_lip_crayon__brandy.png
lipstick__blkopl__cream_lipstick__bon_bon.jpg,swatch,lipstick__blkopl__cream_lipstick__bon_bon.jpg,22.59504074,12.55564043,8.66502105,/Users/connie/dev/lipstick_color_extraction/data/annotations/masks/lipstick__blkopl__cream_lipstick__bon_bon.png
lipstick__bobbi_brown__crushed_lip_color__blush.jpg,swatch,lipstick__bobbi_brown__crushed_lip_color__blush.jpg,66.27520645,27.14461091,16.19121995,/Users/connie/dev/lipstick_color_extraction/data/annotations/masks/lipstick__bobbi_brown__crushed_lip_color__blush.png
lipstick__bobbi_brown__crushed_lip_color__brownie.jpg,swatch,lipstick__bobbi_brown__crushed_lip_color__brownie.jpg,51.2414683,28.73250329,13.33260149,/Users/connie/dev/lipstick_color_extraction/data/annotations/masks/lipstick__bobbi_brown__crushed_lip_color__brownie.png
lipstick__bobbi_brown__crushed_lip_color__italian_rose.jpg,swatch,lipstick__bobbi_brown__crushed_lip_color__italian_rose.jpg,49.52371469,34.09957444,20.27449603,/Users/connie/dev/lipstick_color_extraction/data/annotations/masks/lipstick__bobbi_brown__crushed_lip_color__italian_rose.png
lipstick__bobbi_brown__crushed_liquid_lipstick__juicy_date.jpg,liquid_lipstick,lipstick__bobbi_brown__crushed_liquid_lipstick__juicy_date.jpg,44.01695227,36.53400607,4.32830734,/Users/connie/dev/lipstick_color_extraction/data/annotations/masks/lipstick__bobbi_brown__crushed_liquid_lipstick__juicy_date.png
lipstick__bobbi_brown__crushed_liquid_lipstick__main_squeeze.jpg,liquid_lipstick,lipstick__bobbi_brown__crushed_liquid_lipstick__main_squeeze.jpg,40.36604464,58.8957205,27.51643143,/Users/connie/dev/lipstick_color_extraction/data/annotations/masks/lipstick__bobbi_brown__crushed_liquid_lipstick__main_squeeze.png
lipstick__bobbi_brown__luxe_matte_lipstick__plum_noir.jpg,bullet_lipstick,lipstick__bobbi_brown__luxe_matte_lipstick__plum_noir.jpg,27.39990878,21.06937969,0.29336282,/Users/connie/dev/lipstick_color_extraction/data/annotations/masks/lipstick__bobbi_brown__luxe_matte_lipstick__plum_noir.png
lipstick__bodyography__lipstick__glint.jpg,bullet_lipstick,lipstick__bodyography__lipstick__glint.jpg,56.81481088,12.91771196,37.88910515,/Users/connie/dev/lipstick_color_extraction/data/annotations/masks/lipstick__bodyography__lipstick__glint.png
lipstick__bodyography__lipstick__tolede.jpg,bullet_lipstick,lipstick__bodyography__lipstick__tolede.jpg,48.77643778,29.06927408,12.67454745,/Users/connie/dev/lipstick_color_extraction/data/annotations/masks/lipstick__bodyography__lipstick__tolede.png
lipstick__buxom__full_force_plumping_lipstick__icon.jpg,swatch,lipstick__buxom__full_force_plumping_lipstick__icon.jpg,51.22963417,37.69706478,30.03358723,/Users/connie/dev/lipstick_color_extraction/data/annotations/masks/lipstick__buxom__full_force_plumping_lipstick__icon.png
lipstick__buxom__fullon_satin_lipstick__rose_bubbles.jpg,swatch,lipstick__buxom__fullon_satin_lipstick__rose_bubbles.jpg,49.47105771,66.48381332,16.50843861,/Users/connie/dev/lipstick_color_extraction/data/annotations/masks/lipstick__buxom__fullon_satin_lipstick__rose_bubbles.png
lipstick__byredo__lipstick__commuter.jpg,bullet_lipstick,lipstick__byredo__lipstick__commuter.jpg,36.82560567,30.2496998,12.85850744,/Users/connie/dev/lipstick_color_extraction/data/annotations/masks/lipstick__byredo__lipstick__commuter.png
lipstick__chanel__le_rouge_duo_ultra_tenue_ultrawear_liquid_lip_colour_qJ331Kj.jpg,other,,,,,/Users/connie/dev/lipstick_color_extraction/data/annotations/masks/lipstick__chanel__le_rouge_duo_ultra_tenue_ultrawear_liquid_lip_colour_qJ331Kj.png
lipstick__chanel__le_rouge_duo_ultra_tenue_ultrawear_liquid_lip_colour_UnB3jAY.jpg,other,,,,,/Users/connie/dev/lipstick_color_extraction/data/annotations/masks/lipstick__chanel__le_rouge_duo_ultra_tenue_ultrawear_liquid_lip_colour_UnB3jAY.png
lipstick__chanel__rouge_allure_laque_ultrawear_shine_liquid_lip_colour_awCuR9P.jpg,swatch,,,,,/Users/connie/dev/lipstick_color_extraction/data/annotations/masks/lipstick__chanel__rouge_allure_laque_ultrawear_shine_liquid_lip_colour_awCuR9P.png
lipstick__chanel__rouge_allure_luminous_intense_lip_colour__211_subtile.jpg,swatch,lipstick__chanel__rouge_allure_luminous_intense_lip_colour__211_subtile.jpg,44.79841208,48.16643397,27.12707492,/Users/connie/dev/lipstick_color_extraction/data/annotations/masks/lipstick__chanel__rouge_allure_luminous_intense_lip_colour__211_subtile.png
lipstick__charlotte_tilbury__kissing_lipstick__red_carpet_pink.jpg,bullet_lipstick,lipstick__charlotte_tilbury__kissing_lipstick__red_carpet_pink.jpg,67.30589836,30.42391357,5.33050326,/Users/connie/dev/lipstick_color_extraction/data/annotations/masks/lipstick__charlotte_tilbury__kissing_lipstick__red_carpet_pink.png
lipstick__charlotte_tilbury__limitless_lucky_lips__everlasting_blossom.jpg,bullet_lipstick,lipstick__charlotte_tilbury__limitless_lucky_lips__everlasting_blossom.jpg,40.37074432,40.66860503,22.47809562,/Users/connie/dev/lipstick_color_extraction/data/annotations/masks/lipstick__charlotte_tilbury__limitless_lucky_lips__everlasting_blossom.png
lipstick__charlotte_tilbury__tinted_love__blushed_rose.jpg,swatch,lipstick__charlotte_tilbury__tinted_love__blushed_rose.jpg,59.21019069,28.84244782,19.65910717,/Users/connie/dev/lipstick_color_extraction/data/annotations/masks/lipstick__charlotte_tilbury__tinted_love__blushed_rose.png
lipstick__ciate_london__liquid_velvet_matte_liquid_lipstick__head_over_heels.jpg,liquid_lipstick,lipstick__ciate_london__liquid_velvet_matte_liquid_lipstick__head_over_heels.jpg,46.54623385,66.62354627,19.44662081,/Users/connie/dev/lipstick_color_extraction/data/annotations/masks/lipstick__ciate_london__liquid_velvet_matte_liquid_lipstick__head_over_heels.png
lipstick__clinique__pop_matte_lip_colour_primer__13_love_pop.jpg,bullet_lipstick,lipstick__clinique__pop_matte_lip_colour_primer__13_love_pop.jpg,37.61527602,48.36795,19.30575515,/Users/connie/dev/lipstick_color_extraction/data/annotations/masks/lipstick__clinique__pop_matte_lip_colour_primer__13_love_pop.png
lipstick__code8_beauty__matte_velour_lipstick__lima.jpg,swatch,lipstick__code8_beauty__matte_velour_lipstick__lima.jpg,43.42473846,37.9308009,15.56706806,/Users/connie/dev/lipstick_color_extraction/data/annotations/masks/lipstick__code8_beauty__matte_velour_lipstick__lima.png
lipstick__colourpop__blur_lux_lipstick__still_crazy.jpg,swatch,lipstick__colourpop__blur_lux_lipstick__still_crazy.jpg,47.13622384,32.74073552,11.78660967,/Users/connie/dev/lipstick_color_extraction/data/annotations/masks/lipstick__colourpop__blur_lux_lipstick__still_crazy.png
lipstick__colourpop__fresh_kiss_hydrating_lip_creme__makeout.jpg,liquid_lipstick,lipstick__colourpop__fresh_kiss_hydrating_lip_creme__makeout.jpg,54.31509338,31.02264399,23.33826952,/Users/connie/dev/lipstick_color_extraction/data/annotations/masks/lipstick__colourpop__fresh_kiss_hydrating_lip_creme__makeout.png
lipstick__colourpop__lippie_stix__brink.jpg,swatch,lipstick__colourpop__lippie_stix__brink.jpg,54.99021589,36.5231242,21.68572983,/Users/connie/dev/lipstick_color_extraction/data/annotations/masks/lipstick__colourpop__lippie_stix__brink.png
lipstick__colourpop__lippie_stix__skywalking.jpg,swatch,lipstick__colourpop__lippie_stix__skywalking.jpg,36.99702843,51.76356751,22.29114446,/Users/connie/dev/lipstick_color_extraction/data/annotations/masks/lipstick__colourpop__lippie_stix__skywalking.png
lipstick__colourpop__lippie_stix__topanga.jpg,bullet_lipstick,lipstick__colourpop__lippie_stix__topanga.jpg,42.66350891,45.38648825,29.71935672,/Users/connie/dev/lipstick_color_extraction/data/annotations/masks/lipstick__colourpop__lippie_stix__topanga.png
lipstick__colourpop__lippie_stix__who_run_this.jpg,bullet_lipstick,lipstick__colourpop__lippie_stix__who_run_this.jpg,32.98321935,41.0415316,23.36898315,/Users/connie/dev/lipstick_color_extraction/data/annotations/masks/lipstick__colourpop__lippie_stix__who_run_this.png
lipstick__colourpop__lux_liquid_lip__genie.jpg,liquid_lipstick,lipstick__colourpop__lux_liquid_lip__genie.jpg,51.2578959,42.77986272,18.36889523,/Users/connie/dev/lipstick_color_extraction/data/annotations/masks/lipstick__colourpop__lux_liquid_lip__genie.png
lipstick__covergirl__outlast_forever_velvet_pigment_matte_lipstick__25_zh9Kim4.jpg,liquid_lipstick,,,,,/Users/connie/dev/lipstick_color_extraction/data/annotations/masks/lipstick__covergirl__outlast_forever_velvet_pigment_matte_lipstick__25_zh9Kim4.png
lipstick__covergirl__outlast_lipstain__05_all_star.jpg,bullet_lipstick,lipstick__covergirl__outlast_lipstain__05_all_star.jpg,28.71725292,46.99306789,15.22683694,/Users/connie/dev/lipstick_color_extraction/data/annotations/masks/lipstick__covergirl__outlast_lipstain__05_all_star.png
lipstick__ctzn_cosmetics__code_red_lipstick__pula.jpg,swatch,lipstick__ctzn_cosmetics__code_red_lipstick__pula.jpg,32.65543112,36.2286352,22.73032093,/Users/connie/dev/lipstick_color_extraction/data/annotations/masks/lipstick__ctzn_cosmetics__code_red_lipstick__pula.png
lipstick__ctzn_cosmetics__nudiversal_lip_duo__capri.jpg,swatch,lipstick__ctzn_cosmetics__nudiversal_lip_duo__capri.jpg,67.50085565,21.87250898,23.00451788,/Users/connie/dev/lipstick_color_extraction/data/annotations/masks/lipstick__ctzn_cosmetics__nudiversal_lip_duo__capri.png
lipstick__dear_dahlia__lip_paradise_sensual_lip_glow__g104_felicia.jpg,swatch,lipstick__dear_dahlia__lip_paradise_sensual_lip_glow__g104_felicia.jpg,40.36043316,43.06858851,16.98250294,/Users/connie/dev/lipstick_color_extraction/data/annotations/masks/lipstick__dear_dahlia__lip_paradise_sensual_lip_glow__g104_felicia.png
lipstick__dear_dahlia__lip_paradise_sensual_lip_glow__g105_isabelle.jpg,swatch,lipstick__dear_dahlia__lip_paradise_sensual_lip_glow__g105_isabelle.jpg,67.10971893,37.39417156,13.63698481,/Users/connie/dev/lipstick_color_extraction/data/annotations/masks/lipstick__dear_dahlia__lip_paradise_sensual_lip_glow__g105_isabelle.png
lipstick__dear_dahlia__lip_paradise_sensual_lip_glow__g108_hazle.jpg,swatch,lipstick__dear_dahlia__lip_paradise_sensual_lip_glow__g108_hazle.jpg,64.48050295,55.28925093,28.40496273,/Users/connie/dev/lipstick_color_extraction/data/annotations/masks/lipstick__dear_dahlia__lip_paradise_sensual_lip_glow__g108_hazle.png
lipstick__dior__addict_lip_glow_balm__031_strawberry.jpg,bullet_lipstick,lipstick__dior__addict_lip_glow_balm__031_strawberry.jpg,48.99985394,66.56630654,43.62486622,/Users/connie/dev/lipstick_color_extraction/data/annotations/masks/lipstick__dior__addict_lip_glow_balm__031_strawberry.png
lipstick__dior__addict_lip_glow_butter__103_toffee.jpg,swatch,lipstick__dior__addict_lip_glow_butter__103_toffee.jpg,42.04054772,29.83426724,21.99844859,/Users/connie/dev/lipstick_color_extraction/data/annotations/masks/lipstick__dior__addict_lip_glow_butter__103_toffee.png
lipstick__dior__rouge_dior_forever_liquid_transferproof_lipstick__300__xCgenRC.jpg,liquid_lipstick,,,,,/Users/connie/dev/lipstick_color_extraction/data/annotations/masks/lipstick__dior__rouge_dior_forever_liquid_transferproof_lipstick__300__xCgenRC.png
lipstick__dior__rouge_dior_forever_liquid_transferproof_lipstick__720__inQJSuu.jpg,liquid_lipstick,,,,,/Users/connie/dev/lipstick_color_extraction/data/annotations/masks/lipstick__dior__rouge_dior_forever_liquid_transferproof_lipstick__720__inQJSuu.png
lipstick__dior__rouge_dior_forever_transferproof_lipstick__630_dune.jpg,bullet_lipstick,lipstick__dior__rouge_dior_forever_transferproof_lipstick__630_dune.jpg,56.18900182,25.33048083,22.35429527,/Users/connie/dev/lipstick_color_extraction/data/annotations/masks/lipstick__dior__rouge_dior_forever_transferproof_lipstick__630_dune.png
lipstick__dior__rouge_dior_refillable_lipstick__582_miss_d.jpg,bullet_lipstick,lipstick__dior__rouge_dior_refillable_lipstick__582_miss_d.jpg,57.80782304,54.21692604,18.50426482,/Users/connie/dev/lipstick_color_extraction/data/annotations/masks/lipstick__dior__rouge_dior_refillable_lipstick__582_miss_d.png
lipstick__dior__rouge_ultra_care_liquid_lipstick__749_dlight.jpg,liquid_lipstick,lipstick__dior__rouge_ultra_care_liquid_lipstick__749_dlight.jpg,40.67507927,28.87804439,6.63926556,/Users/connie/dev/lipstick_color_extraction/data/annotations/masks/lipstick__dior__rouge_ultra_care_liquid_lipstick__749_dlight.png
lipstick__dior__rouge_ultra_care_liquid_lipstick__855_sensual.jpg,liquid_lipstick,lipstick__dior__rouge_ultra_care_liquid_lipstick__855_sensual.jpg,39.16942939,33.42795941,18.74054188,/Users/connie/dev/lipstick_color_extraction/data/annotations/masks/lipstick__dior__rouge_ultra_care_liquid_lipstick__855_sensual.png
lipstick__dior__rouge_ultra_rouge_lipstick__0_ultra_light.jpg,bullet_lipstick,lipstick__dior__rouge_ultra_rouge_lipstick__0_ultra_light.jpg,91.90347356,2.42517206,-0.89372358,/Users/connie/dev/lipstick_color_extraction/data/annotations/masks/lipstick__dior__rouge_ultra_rouge_lipstick__0_ultra_light.png
lipstick__elf_cosmetics__glossy_lip_stain__cinnamon_dreamz.jpg,liquid_lipstick,lipstick__elf_cosmetics__glossy_lip_stain__cinnamon_dreamz.jpg,41.18588911,21.20606873,28.94151875,/Users/connie/dev/lipstick_color_extraction/data/annotations/masks/lipstick__elf_cosmetics__glossy_lip_stain__cinnamon_dreamz.png
lipstick__emilie_heathe__lip_atelier__public.jpg,swatch,lipstick__emilie_heathe__lip_atelier__public.jpg,34.82707458,46.3800683,41.98486716,/Users/connie/dev/lipstick_color_extraction/data/annotations/masks/lipstick__emilie_heathe__lip_atelier__public.png
lipstick__entice_cosmetics__lush_matte_liquid_lipstick__drape.jpg,other,lipstick__entice_cosmetics__lush_matte_liquid_lipstick__drape.jpg,55.79508712,14.35109118,17.70880279,/Users/connie/dev/lipstick_color_extraction/data/annotations/masks/lipstick__entice_cosmetics__lush_matte_liquid_lipstick__drape.png
lipstick__fenty_beauty_by_rihanna__fenty_icon_the_fill_semimatte_refil_lIm6q5f.jpg,swatch,,,,,/Users/connie/dev/lipstick_color_extraction/data/annotations/masks/lipstick__fenty_beauty_by_rihanna__fenty_icon_the_fill_semimatte_refil_lIm6q5f.png
lipstick__fenty_beauty_by_rihanna__poutsicle_hydrating_lip_stain__berry_banger.jpg,swatch,lipstick__fenty_beauty_by_rihanna__poutsicle_hydrating_lip_stain__berry_banger.jpg,23.31826859,39.25759579,6.48290015,/Users/connie/dev/lipstick_color_extraction/data/annotations/masks/lipstick__fenty_beauty_by_rihanna__poutsicle_hydrating_lip_stain__berry_banger.png
lipstick__freck_beauty__makeout_club_soft_blur_lipstick__the_moment.jpg,swatch,lipstick__freck_beauty__makeout_club_soft_blur_lipstick__the_moment.jpg,68.56063747,29.69484535,10.77888464,/Users/connie/dev/lipstick_color_extraction/data/annotations/masks/lipstick__freck_beauty__makeout_club_soft_blur_lipstick__the_moment.png
lipstick__gerard_cosmetics__lipstick__1995.jpg,swatch,lipstick__gerard_cosmetics__lipstick__1995.jpg,55.42710545,24.60514256,12.91193531,/Users/connie/dev/lipstick_color_extraction/data/annotations/masks/lipstick__gerard_cosmetics__lipstick__1995.png
lipstick__givenchy__le_rose_perfecto_color_lip_balm__303_warming_red.jpg,bullet_lipstick,lipstick__givenchy__le_rose_perfecto_color_lip_balm__303_warming_red.jpg,31.3013631,53.29421139,38.18510892,/Users/connie/dev/lipstick_color_extraction/data/annotations/masks/lipstick__givenchy__le_rose_perfecto_color_lip_balm__303_warming_red.png
lipstick__givenchy__le_rouge_lipstick__37_rouge_graine.jpg,bullet_lipstick,lipstick__givenchy__le_rouge_lipstick__37_rouge_graine.jpg,33.71133575,42.63449058,23.83928513,/Users/connie/dev/lipstick_color_extraction/data/annotations/masks/lipstick__givenchy__le_rouge_lipstick__37_rouge_graine.png
lipstick__givenchy__le_rouge_lipstick__102_beige_plume.jpg,bullet_lipstick,lipstick__givenchy__le_rouge_lipstick__102_beige_plume.jpg,58.25608514,35.52694686,22.32215276,/Users/connie/dev/lipstick_color_extraction/data/annotations/masks/lipstick__givenchy__le_rouge_lipstick__102_beige_plume.png
lipstick__givenchy__le_rouge_lipstick__323_framboise_couture.jpg,bullet_lipstick,lipstick__givenchy__le_rouge_lipstick__323_framboise_couture.jpg,47.39649856,54.27095094,1.82099468,/Users/connie/dev/lipstick_color_extraction/data/annotations/masks/lipstick__givenchy__le_rouge_lipstick__323_framboise_couture.png
lipstick__gucci__rouge_a_levres_mat_matte_lipstick__they_met_in_argentina.jpg,swatch,lipstick__gucci__rouge_a_levres_mat_matte_lipstick__they_met_in_argentina.jpg,49.1897608,33.77531573,18.67609145,/Users/connie/dev/lipstick_color_extraction/data/annotations/masks/lipstick__gucci__rouge_a_levres_mat_matte_lipstick__they_met_in_argentina.png
lipstick__gucci__rouge_a_levres_satin_lipstick__405_grand_hotel.jpg,bullet_lipstick,lipstick__gucci__rouge_a_levres_satin_lipstick__405_grand_hotel.jpg,32.14543522,50.31448677,10.61062668,/Users/connie/dev/lipstick_color_extraction/data/annotations/masks/lipstick__gucci__rouge_a_levres_satin_lipstick__405_grand_hotel.png
lipstick__gucci__rouge_a_levres_satin_lipstick__700_crystal_black.jpg,bullet_lipstick,lipstick__gucci__rouge_a_levres_satin_lipstick__700_crystal_black.jpg,21.878189,-0.000788986402,0.00149554844,/Users/connie/dev/lipstick_color_extraction/data/annotations/masks/lipstick__gucci__rouge_a_levres_satin_lipstick__700_crystal_black.png
lipstick__honeybee_gardens__truly_natural_lipstick__south_beach.jpg,bullet_lipstick,lipstick__honeybee_gardens__truly_natural_lipstick__south_beach.jpg,57.32750864,60.70683864,40.14696384,/Users/connie/dev/lipstick_color_extraction/data/annotations/masks/lipstick__honeybee_gardens__truly_natural_lipstick__south_beach.png
lipstick__hourglass__phantom_volumizing_glossy_lip_balm__impulse_130.jpg,swatch,lipstick__hourglass__phantom_volumizing_glossy_lip_balm__impulse_130.jpg,28.03028383,34.92418551,20.68059827,/Users/connie/dev/lipstick_color_extraction/data/annotations/masks/lipstick__hourglass__phantom_volumizing_glossy_lip_balm__impulse_130.png
lipstick__huda_beauty__demi_matte_cream_liquid_lipstick__game_changer.jpg,liquid_lipstick,lipstick__huda_beauty__demi_matte_cream_liquid_lipstick__game_changer.jpg,44.86137261,43.90678869,23.0636404,/Users/connie/dev/lipstick_color_extraction/data/annotations/masks/lipstick__huda_beauty__demi_matte_cream_liquid_lipstick__game_changer.png
lipstick__huda_beauty__demi_matte_cream_liquid_lipstick__shero.jpg,swatch,lipstick__huda_beauty__demi_matte_cream_liquid_lipstick__shero.jpg,62.0042824,49.59146303,37.07065138,/Users/connie/dev/lipstick_color_extraction/data/annotations/masks/lipstick__huda_beauty__demi_matte_cream_liquid_lipstick__shero.png
lipstick__huda_beauty__original_liquid_matte_lipstick__bombshell.jpg,swatch,lipstick__huda_beauty__original_liquid_matte_lipstick__bombshell.jpg,44.19275833,29.80174561,18.81328945,/Users/connie/dev/lipstick_color_extraction/data/annotations/masks/lipstick__huda_beauty__original_liquid_matte_lipstick__bombshell.png
lipstick__huda_beauty__power_bullet_matte_lipstick__staycation.jpg,bullet_lipstick,lipstick__huda_beauty__power_bullet_matte_lipstick__staycation.jpg,61.85360862,21.69212761,21.33423984,/Users/connie/dev/lipstick_color_extraction/data/annotations/masks/lipstick__huda_beauty__power_bullet_matte_lipstick__staycation.png
lipstick__iconic_london__cloud_kiss_matte_lip_mousse__let_it_slip.jpg,swatch,lipstick__iconic_london__cloud_kiss_matte_lip_mousse__let_it_slip.jpg,47.41307399,33.25188297,27.20444874,/Users/connie/dev/lipstick_color_extraction/data/annotations/masks/lipstick__iconic_london__cloud_kiss_matte_lip_mousse__let_it_slip.png
lipstick__ilia__balmy_tint_hydrating_lip_balm__memoir.jpg,swatch,lipstick__ilia__balmy_tint_hydrating_lip_balm__memoir.jpg,40.61733748,26.2932842,10.45508101,/Users/connie/dev/lipstick_color_extraction/data/annotations/masks/lipstick__ilia__balmy_tint_hydrating_lip_balm__memoir.png
lipstick__ilia__color_block_lipstick__tango.jpg,swatch,lipstick__ilia__color_block_lipstick__tango.jpg,28.71892346,43.17276453,22.5789459,/Users/connie/dev/lipstick_color_extraction/data/annotations/masks/lipstick__ilia__color_block_lipstick__tango.png
lipstick__ilia__lip_sketch_hydrating_lipstick_lip_liner_crayon__banquette.jpg,swatch,lipstick__ilia__lip_sketch_hydrating_lipstick_lip_liner_crayon__banquette.jpg,49.08999715,31.55564737,15.34290533,/Users/connie/dev/lipstick_color_extraction/data/annotations/masks/lipstick__ilia__lip_sketch_hydrating_lipstick_lip_liner_crayon__banquette.png
lipstick__inika_organic__lipstick__nude_pink.jpg,bullet_lipstick,lipstick__inika_organic__lipstick__nude_pink.jpg,57.99826501,37.70102303,17.45602718,/Users/connie/dev/lipstick_color_extraction/data/annotations/masks/lipstick__inika_organic__lipstick__nude_pink.png
lipstick__jason_wu_beauty__honey_fluff_lip_cream__01_adored.jpg,swatch,lipstick__jason_wu_beauty__honey_fluff_lip_cream__01_adored.jpg,49.32080693,35.83644793,15.99862835,/Users/connie/dev/lipstick_color_extraction/data/annotations/masks/lipstick__jason_wu_beauty__honey_fluff_lip_cream__01_adored.png
lipstick__jcat_beauty__flash_metal_metallic_matte_lip__extraterrestrial.jpg,liquid_lipstick,lipstick__jcat_beauty__flash_metal_metallic_matte_lip__extraterrestrial.jpg,26.5795267,-14.52607204,-4.34967463,/Users/connie/dev/lipstick_color_extraction/data/annotations/masks/lipstick__jcat_beauty__flash_metal_metallic_matte_lip__extraterrestrial.png
lipstick__jcat_beauty__flash_metal_metallic_matte_lip__marvelous_character.jpg,liquid_lipstick,lipstick__jcat_beauty__flash_metal_metallic_matte_lip__marvelous_character.jpg,36.55105513,18.50478086,37.41630155,/Users/connie/dev/lipstick_color_extraction/data/annotations/masks/lipstick__jcat_beauty__flash_metal_metallic_matte_lip__marvelous_character.png
lipstick__jeffree_star_cosmetics__velour_liquid_lipstick__drug_lord.jpg,liquid_lipstick,lipstick__jeffree_star_cosmetics__velour_liquid_lipstick__drug_lord.jpg,83.77975196,2.0624899,1.57601247,/Users/connie/dev/lipstick_color_extraction/data/annotations/masks/lipstick__jeffree_star_cosmetics__velour_liquid_lipstick__drug_lord.png
lipstick__jones_road_beauty__the_lippie_stick__ruby.jpg,swatch,lipstick__jones_road_beauty__the_lippie_stick__ruby.jpg,43.2253547,46.06844478,20.70256219,/Users/connie/dev/lipstick_color_extraction/data/annotations/masks/lipstick__jones_road_beauty__the_lippie_stick__ruby.png
lipstick__juice_beauty__phytopigments_liquid_lip__09_apple.jpg,other,lipstick__juice_beauty__phytopigments_liquid_lip__09_apple.jpg,43.97758999,56.87963273,22.69176638,/Users/connie/dev/lipstick_color_extraction/data/annotations/masks/lipstick__juice_beauty__phytopigments_liquid_lip__09_apple.png
lipstick__julep__its_balm_creme_full_coverage_lip_crayon__04_dusty_orc_3YBSQxS.jpg,bullet_lipstick,,,,,/Users/connie/dev/lipstick_color_extraction/data/annotations/masks/lipstick__julep__its_balm_creme_full_coverage_lip_crayon__04_dusty_orc_3YBSQxS.png
lipstick__julep__its_whipped_matte_lip_mousse__03_whisper_mauve.jpg,liquid_lipstick,lipstick__julep__its_whipped_matte_lip_mousse__03_whisper_mauve.jpg,42.68937905,32.5995249,20.20434564,/Users/connie/dev/lipstick_color_extraction/data/annotations/masks/lipstick__julep__its_whipped_matte_lip_mousse__03_whisper_mauve.png
lipstick__kosas__weightless_lip_color_lipstick__thrillest.jpg,swatch,lipstick__kosas__weightless_lip_color_lipstick__thrillest.jpg,42.01012483,56.0070885,36.85172268,/Users/connie/dev/lipstick_color_extraction/data/annotations/masks/lipstick__kosas__weightless_lip_color_lipstick__thrillest.png
lipstick__kvd_beauty__everlasting_liquid_lipstick__dagger.jpg,liquid_lipstick,lipstick__kvd_beauty__everlasting_liquid_lipstick__dagger.jpg,37.2494436,8.00211015,-13.6596409,/Users/connie/dev/lipstick_color_extraction/data/annotations/masks/lipstick__kvd_beauty__everlasting_liquid_lipstick__dagger.png
lipstick__kvd_beauty__everlasting_liquid_lipstick__witches.jpg,liquid_lipstick,lipstick__kvd_beauty__everlasting_liquid_lipstick__witches.jpg,15.061194,0.0185225738,-0.0042088389,/Users/connie/dev/lipstick_color_extraction/data/annotations/masks/lipstick__kvd_beauty__everlasting_liquid_lipstick__witches.png
lipstick__kylie_cosmetics__matte_lip_crayon__realizing_things.jpg,swatch,lipstick__kylie_cosmetics__matte_lip_crayon__realizing_things.jpg,50.24149277,40.58983189,15.4774988,/Users/connie/dev/lipstick_color_extraction/data/annotations/masks/lipstick__kylie_cosmetics__matte_lip_crayon__realizing_things.png
lipstick__kylie_cosmetics__matte_lip_kit__no_sleep.jpg,bullet_lipstick,lipstick__kylie_cosmetics__matte_lip_kit__no_sleep.jpg,50.74836533,69.07451281,47.70650188,/Users/connie/dev/lipstick_color_extraction/data/annotations/masks/lipstick__kylie_cosmetics__matte_lip_kit__no_sleep.png
lipstick__la_bouche_rouge_paris__matte_lipstick__nude_brun_matte.jpg,swatch,lipstick__la_bouche_rouge_paris__matte_lipstick__nude_brun_matte.jpg,65.54751191,31.80543156,26.33525952,/Users/connie/dev/lipstick_color_extraction/data/annotations/masks/lipstick__la_bouche_rouge_paris__matte_lipstick__nude_brun_matte.png
lipstick__lancome__labsolu_rouge_intimatte_lipstick__888_french_idol.jpg,bullet_lipstick,lipstick__lancome__labsolu_rouge_intimatte_lipstick__888_french_idol.jpg,25.64789572,40.93297694,17.55219988,/Users/connie/dev/lipstick_color_extraction/data/annotations/masks/lipstick__lancome__labsolu_rouge_intimatte_lipstick__888_french_idol.png
lipstick__lancome__lip_idole_squalane12_butterglow_hydrating_lip_balm__6zaHIPp.jpg,bullet_lipstick,,,,,/Users/connie/dev/lipstick_color_extraction/data/annotations/masks/lipstick__lancome__lip_idole_squalane12_butterglow_hydrating_lip_balm__6zaHIPp.png
lipstick__laura_mercier__petal_soft_lipstick_crayon__322_camille.jpg,swatch,lipstick__laura_mercier__petal_soft_lipstick_crayon__322_camille.jpg,60.40504904,48.72995516,20.28459325,/Users/connie/dev/lipstick_color_extraction/data/annotations/masks/lipstick__laura_mercier__petal_soft_lipstick_crayon__322_camille.png
lipstick__laura_mercier__petal_soft_lipstick_crayon__340_elodie.jpg,swatch,lipstick__laura_mercier__petal_soft_lipstick_crayon__340_elodie.jpg,47.83059366,44.58673486,16.06000493,/Users/connie/dev/lipstick_color_extraction/data/annotations/masks/lipstick__laura_mercier__petal_soft_lipstick_crayon__340_elodie.png
lipstick__lawless__forget_the_filler_lipplumping_linesmoothing_satin_c_EiGcChm.jpg,swatch,,,,,/Users/connie/dev/lipstick_color_extraction/data/annotations/masks/lipstick__lawless__forget_the_filler_lipplumping_linesmoothing_satin_c_EiGcChm.png
lipstick__lh_cosmetics__majestick__mellow_mauve.jpg,bullet_lipstick,lipstick__lh_cosmetics__majestick__mellow_mauve.jpg,54.55336367,28.18301418,21.99385919,/Users/connie/dev/lipstick_color_extraction/data/annotations/masks/lipstick__lh_cosmetics__majestick__mellow_mauve.png
lipstick__lime_crime__matte_velvetine_lipstick__beet_it.jpg,liquid_lipstick,lipstick__lime_crime__matte_velvetine_lipstick__beet_it.jpg,25.05316924,43.84257317,-1.06974214,/Users/connie/dev/lipstick_color_extraction/data/annotations/masks/lipstick__lime_crime__matte_velvetine_lipstick__beet_it.png
lipstick__lime_crime__matte_velvetine_lipstick__new_americana.jpg,liquid_lipstick,lipstick__lime_crime__matte_velvetine_lipstick__new_americana.jpg,47.519849,65.90754239,49.15456083,/Users/connie/dev/lipstick_color_extraction/data/annotations/masks/lipstick__lime_crime__matte_velvetine_lipstick__new_americana.png
lipstick__lime_crime__plushies_liquid_lipstick__sorbet.jpg,liquid_lipstick,lipstick__lime_crime__plushies_liquid_lipstick__sorbet.jpg,41.47046912,56.83454355,45.18469682,/Users/connie/dev/lipstick_color_extraction/data/annotations/masks/lipstick__lime_crime__plushies_liquid_lipstick__sorbet.png
lipstick__lipstick_queen__lipdulgence_lip_mousse__sugar_plum.jpg,liquid_lipstick,lipstick__lipstick_queen__lipdulgence_lip_mousse__sugar_plum.jpg,33.92164913,45.3533533,9.59940922,/Users/connie/dev/lipstick_color_extraction/data/annotations/masks/lipstick__lipstick_queen__lipdulgence_lip_mousse__sugar_plum.png
lipstick__lisa_eldridge_makeup__rouge_experience_refillable_lipstick__184_romy.jpg,swatch,lipstick__lisa_eldridge_makeup__rouge_experience_refillable_lipstick__184_romy.jpg,51.29157021,32.23686351,17.6050262,/Users/connie/dev/lipstick_color_extraction/data/annotations/masks/lipstick__lisa_eldridge_makeup__rouge_experience_refillable_lipstick__184_romy.png
lipstick__loreal__colour_riche_intense_volume_matte_lipstick__153_le_r_PSTmqe1.jpg,bullet_lipstick,,,,,/Users/connie/dev/lipstick_color_extraction/data/annotations/masks/lipstick__loreal__colour_riche_intense_volume_matte_lipstick__153_le_r_PSTmqe1.png
lipstick__loreal__colour_riche_les_nus_intense_lipstick__nu_insouciant.jpg,bullet_lipstick,lipstick__loreal__colour_riche_les_nus_intense_lipstick__nu_insouciant.jpg,37.75385728,45.34598148,14.19016379,/Users/connie/dev/lipstick_color_extraction/data/annotations/masks/lipstick__loreal__colour_riche_les_nus_intense_lipstick__nu_insouciant.png
lipstick__loreal__colour_riche_satin_lipstick__divine_wine_762.jpg,bullet_lipstick,lipstick__loreal__colour_riche_satin_lipstick__divine_wine_762.jpg,33.07494504,34.02806273,13.75928385,/Users/connie/dev/lipstick_color_extraction/data/annotations/masks/lipstick__loreal__colour_riche_satin_lipstick__divine_wine_762.png
lipstick__loreal__colour_riche_satin_lipstick__mauved_140.jpg,swatch,lipstick__loreal__colour_riche_satin_lipstick__mauved_140.jpg,61.1420425,34.56833668,7.80813524,/Users/connie/dev/lipstick_color_extraction/data/annotations/masks/lipstick__loreal__colour_riche_satin_lipstick__mauved_140.png
lipstick__mac_cosmetics__glow_play_tendertalk_lip_balm__oops.jpg,swatch,lipstick__mac_cosmetics__glow_play_tendertalk_lip_balm__oops.jpg,72.07833382,32.31707451,58.55549989,/Users/connie/dev/lipstick_color_extraction/data/annotations/masks/lipstick__mac_cosmetics__glow_play_tendertalk_lip_balm__oops.png
lipstick__mac_cosmetics__locked_kiss_24hr_lipstick__posh.jpg,swatch,lipstick__mac_cosmetics__locked_kiss_24hr_lipstick__posh.jpg,37.35488665,24.28324806,22.29372423,/Users/connie/dev/lipstick_color_extraction/data/annotations/masks/lipstick__mac_cosmetics__locked_kiss_24hr_lipstick__posh.png
lipstick__mac_cosmetics__macximal_silky_matte_lipstick__viva_empowered.jpg,swatch,lipstick__mac_cosmetics__macximal_silky_matte_lipstick__viva_empowered.jpg,35.3177428,31.07145226,13.87634112,/Users/connie/dev/lipstick_color_extraction/data/annotations/masks/lipstick__mac_cosmetics__macximal_silky_matte_lipstick__viva_empowered.png
lipstick__mac_cosmetics__macximal_sleek_satin_lipstick__call_it_cozy.jpg,swatch,lipstick__mac_cosmetics__macximal_sleek_satin_lipstick__call_it_cozy.jpg,56.37840934,27.14526519,37.96550799,/Users/connie/dev/lipstick_color_extraction/data/annotations/masks/lipstick__mac_cosmetics__macximal_sleek_satin_lipstick__call_it_cozy.png
lipstick__mac_cosmetics__matte_lipstick__act_natural.jpg,bullet_lipstick,lipstick__mac_cosmetics__matte_lipstick__act_natural.jpg,63.68358297,20.76625052,15.31269574,/Users/connie/dev/lipstick_color_extraction/data/annotations/masks/lipstick__mac_cosmetics__matte_lipstick__act_natural.png
lipstick__mac_cosmetics__matte_lipstick__taupe.jpg,swatch,lipstick__mac_cosmetics__matte_lipstick__taupe.jpg,42.82698339,29.58735091,27.83225886,/Users/connie/dev/lipstick_color_extraction/data/annotations/masks/lipstick__mac_cosmetics__matte_lipstick__taupe.png
lipstick__mac_cosmetics__powder_kiss_liquid_lipcolour__impulsive.jpg,swatch,lipstick__mac_cosmetics__powder_kiss_liquid_lipcolour__impulsive.jpg,49.38276095,35.80760146,32.41622211,/Users/connie/dev/lipstick_color_extraction/data/annotations/masks/lipstick__mac_cosmetics__powder_kiss_liquid_lipcolour__impulsive.png
lipstick__make_up_for_ever__rouge_artist_lipstick__104_bold_cinnamon.jpg,bullet_lipstick,lipstick__make_up_for_ever__rouge_artist_lipstick__104_bold_cinnamon.jpg,51.35003055,27.59036571,22.23963502,/Users/connie/dev/lipstick_color_extraction/data/annotations/masks/lipstick__make_up_for_ever__rouge_artist_lipstick__104_bold_cinnamon.png
lipstick__makeup_by_mario__ultra_suede_lipstick__kristen.jpg,swatch,lipstick__makeup_by_mario__ultra_suede_lipstick__kristen.jpg,37.48235331,32.40880246,3.02736381,/Users/connie/dev/lipstick_color_extraction/data/annotations/masks/lipstick__makeup_by_mario__ultra_suede_lipstick__kristen.png
lipstick__marie_hunter__lustrous_lipstick__ogden_avenue.jpg,bullet_lipstick,lipstick__marie_hunter__lustrous_lipstick__ogden_avenue.jpg,47.88206266,50.98725394,33.35388542,/Users/connie/dev/lipstick_color_extraction/data/annotations/masks/lipstick__marie_hunter__lustrous_lipstick__ogden_avenue.png
lipstick__maybelline__superstay_matte_ink_lip_color__dancer.jpg,liquid_lipstick,lipstick__maybelline__superstay_matte_ink_lip_color__dancer.jpg,41.11325652,65.68551796,54.36554259,/Users/connie/dev/lipstick_color_extraction/data/annotations/masks/lipstick__maybelline__superstay_matte_ink_lip_color__dancer.png
lipstick__maybelline__superstay_matte_ink_lip_color__meditator.jpg,liquid_lipstick,lipstick__maybelline__superstay_matte_ink_lip_color__meditator.jpg,58.36593364,38.98207446,27.37002888,/Users/connie/dev/lipstick_color_extraction/data/annotations/masks/lipstick__maybelline__superstay_matte_ink_lip_color__meditator.png
lipstick__melt_cosmetics__lipstick__space_cake.jpg,bullet_lipstick,lipstick__melt_cosmetics__lipstick__space_cake.jpg,40.52416293,1.12131079,-11.9038402,/Users/connie/dev/lipstick_color_extraction/data/annotations/masks/lipstick__melt_cosmetics__lipstick__space_cake.png
lipstick__melt_cosmetics__lipstick__tomboy.jpg,bullet_lipstick,lipstick__melt_cosmetics__lipstick__tomboy.jpg,25.86952664,2.61492506,9.8051551,/Users/connie/dev/lipstick_color_extraction/data/annotations/masks/lipstick__melt_cosmetics__lipstick__tomboy.png
lipstick__melt_cosmetics__liquid_lipstick__death_cherry.jpg,liquid_lipstick,lipstick__melt_cosmetics__liquid_lipstick__death_cherry.jpg,30.5778933,44.18177955,19.34286276,/Users/connie/dev/lipstick_color_extraction/data/annotations/masks/lipstick__melt_cosmetics__liquid_lipstick__death_cherry.png
lipstick__melt_cosmetics__liquid_lipstick__fuse.jpg,liquid_lipstick,lipstick__melt_cosmetics__liquid_lipstick__fuse.jpg,50.28714819,32.84652391,10.58576354,/Users/connie/dev/lipstick_color_extraction/data/annotations/masks/lipstick__melt_cosmetics__liquid_lipstick__fuse.png
lipstick__melt_cosmetics__ultra_matte_lipstick__710.jpg,bullet_lipstick,lipstick__melt_cosmetics__ultra_matte_lipstick__710.jpg,43.42468651,30.29563759,31.4518653,/Users/connie/dev/lipstick_color_extraction/data/annotations/masks/lipstick__melt_cosmetics__ultra_matte_lipstick__710.png
lipstick__melt_cosmetics__ultra_matte_lipstick__bane.jpg,bullet_lipstick,lipstick__melt_cosmetics__ultra_matte_lipstick__bane.jpg,9.17846561,0.65063501,-0.17473421,/Users/connie/dev/lipstick_color_extraction/data/annotations/masks/lipstick__melt_cosmetics__ultra_matte_lipstick__bane.png
lipstick__merit__signature_lip_lightweight_matte_lipstick__equestrian.jpg,swatch,lipstick__merit__signature_lip_lightweight_matte_lipstick__equestrian.jpg,36.62956555,28.01626599,20.58748531,/Users/connie/dev/lipstick_color_extraction/data/annotations/masks/lipstick__merit__signature_lip_lightweight_matte_lipstick__equestrian.png
lipstick__milani__amore_satin_matte_lip_creme__velvet.jpg,swatch,lipstick__milani__amore_satin_matte_lip_creme__velvet.jpg,43.57105973,38.14898566,32.49937914,/Users/connie/dev/lipstick_color_extraction/data/annotations/masks/lipstick__milani__amore_satin_matte_lip_creme__velvet.png
lipstick__milani__stay_put_matte_lip_crayon__190_v_cute.jpg,bullet_lipstick,lipstick__milani__stay_put_matte_lip_crayon__190_v_cute.jpg,36.29021186,49.84431562,7.44532117,/Users/connie/dev/lipstick_color_extraction/data/annotations/masks/lipstick__milani__stay_put_matte_lip_crayon__190_v_cute.png
lipstick__mob_beauty__soft_matte_lipstick__m94.jpg,swatch,lipstick__mob_beauty__soft_matte_lipstick__m94.jpg,55.74165706,29.59086519,18.82666903,/Users/connie/dev/lipstick_color_extraction/data/annotations/masks/lipstick__mob_beauty__soft_matte_lipstick__m94.png
lipstick__morphe__cream_lipstick__rebound.jpg,swatch,lipstick__morphe__cream_lipstick__rebound.jpg,49.43373583,40.91572609,10.65022939,/Users/connie/dev/lipstick_color_extraction/data/annotations/masks/lipstick__morphe__cream_lipstick__rebound.png
lipstick__morphe__love_bite_lip_stain__melon_nectar.jpg,liquid_lipstick,lipstick__morphe__love_bite_lip_stain__melon_nectar.jpg,59.10952665,66.43219927,50.24475097,/Users/connie/dev/lipstick_color_extraction/data/annotations/masks/lipstick__morphe__love_bite_lip_stain__melon_nectar.png
lipstick__morphe__matte_liquid_lipstick__peanut.jpg,swatch,lipstick__morphe__matte_liquid_lipstick__peanut.jpg,52.54914286,42.26531188,30.45872799,/Users/connie/dev/lipstick_color_extraction/data/annotations/masks/lipstick__morphe__matte_liquid_lipstick__peanut.png
lipstick__nars__afterglow_lip_balm__wicked_ways.jpg,bullet_lipstick,lipstick__nars__afterglow_lip_balm__wicked_ways.jpg,23.31279121,20.97686996,3.34604459,/Users/connie/dev/lipstick_color_extraction/data/annotations/masks/lipstick__nars__afterglow_lip_balm__wicked_ways.png
lipstick__nars__audacious_lipstick__greta.jpg,swatch,lipstick__nars__audacious_lipstick__greta.jpg,47.30359406,70.48848122,18.42224749,/Users/connie/dev/lipstick_color_extraction/data/annotations/masks/lipstick__nars__audacious_lipstick__greta.png
lipstick__nars__audacious_lipstick__lea.jpg,bullet_lipstick,lipstick__nars__audacious_lipstick__lea.jpg,35.12668385,39.2876238,27.45267553,/Users/connie/dev/lipstick_color_extraction/data/annotations/masks/lipstick__nars__audacious_lipstick__lea.png
lipstick__nars__audacious_lipstick__vera.jpg,swatch,lipstick__nars__audacious_lipstick__vera.jpg,34.08344051,57.03869811,13.49091827,/Users/connie/dev/lipstick_color_extraction/data/annotations/masks/lipstick__nars__audacious_lipstick__vera.png
lipstick__nars__explicit_refillable_satin_lipstick__821_liason.jpg,swatch,lipstick__nars__explicit_refillable_satin_lipstick__821_liason.jpg,54.14345457,37.89158928,18.82428957,/Users/connie/dev/lipstick_color_extraction/data/annotations/masks/lipstick__nars__explicit_refillable_satin_lipstick__821_liason.png
lipstick__nars__full_vinyl_lip_lacquer__cape_town.jpg,liquid_lipstick,lipstick__nars__full_vinyl_lip_lacquer__cape_town.jpg,62.12186492,29.35739168,33.21519385,/Users/connie/dev/lipstick_color_extraction/data/annotations/masks/lipstick__nars__full_vinyl_lip_lacquer__cape_town.png
lipstick__nars__lipstick__exbury.jpg,bullet_lipstick,lipstick__nars__lipstick__exbury.jpg,57.26963282,43.65503232,15.35094105,/Users/connie/dev/lipstick_color_extraction/data/annotations/masks/lipstick__nars__lipstick__exbury.png
lipstick__nars__lipstick__giusti.jpg,bullet_lipstick,lipstick__nars__lipstick__giusti.jpg,47.73393118,43.73079501,6.73360645,/Users/connie/dev/lipstick_color_extraction/data/annotations/masks/lipstick__nars__lipstick__giusti.png
lipstick__nars__lipstick__pour_toujours.jpg,swatch,lipstick__nars__lipstick__pour_toujours.jpg,58.37565304,22.737612,15.85331448,/Users/connie/dev/lipstick_color_extraction/data/annotations/masks/lipstick__nars__lipstick__pour_toujours.png
lipstick__nars__powermatte_lip_pigment__low_rider.jpg,swatch,lipstick__nars__powermatte_lip_pigment__low_rider.jpg,58.12193359,71.24882563,19.11824325,/Users/connie/dev/lipstick_color_extraction/data/annotations/masks/lipstick__nars__powermatte_lip_pigment__low_rider.png
lipstick__nars__powermatte_lip_pigment__somebody_to_love.jpg,swatch,lipstick__nars__powermatte_lip_pigment__somebody_to_love.jpg,47.87503349,31.62790717,26.6376825,/Users/connie/dev/lipstick_color_extraction/data/annotations/masks/lipstick__nars__powermatte_lip_pigment__somebody_to_love.png
lipstick__nars__powermatte_lip_pigment__walk_this_way.jpg,swatch,lipstick__nars__powermatte_lip_pigment__walk_this_way.jpg,53.17941221,46.78124801,18.02153451,/Users/connie/dev/lipstick_color_extraction/data/annotations/masks/lipstick__nars__powermatte_lip_pigment__walk_this_way.png
lipstick__nars__soft_matte_tinted_lip_balm__intimate.jpg,swatch,lipstick__nars__soft_matte_tinted_lip_balm__intimate.jpg,52.04127,23.82959777,25.78123088,/Users/connie/dev/lipstick_color_extraction/data/annotations/masks/lipstick__nars__soft_matte_tinted_lip_balm__intimate.png
lipstick__natasha_denona__i_need_a_nude_lipstick__31np_beatrice.jpg,bullet_lipstick,lipstick__natasha_denona__i_need_a_nude_lipstick__31np_beatrice.jpg,64.8306405,19.31851959,8.28444335,/Users/connie/dev/lipstick_color_extraction/data/annotations/masks/lipstick__natasha_denona__i_need_a_nude_lipstick__31np_beatrice.png
lipstick__nudestix__intense_matte_lip_cheek_pencil__vintage.jpg,swatch,lipstick__nudestix__intense_matte_lip_cheek_pencil__vintage.jpg,34.7935925,29.51235323,14.97714139,/Users/connie/dev/lipstick_color_extraction/data/annotations/masks/lipstick__nudestix__intense_matte_lip_cheek_pencil__vintage.png
lipstick__nyx_professional_makeup__fat_oil_slick_click_vegan_lip_balm__pebq6cL.jpg,swatch,,,,,/Users/connie/dev/lipstick_color_extraction/data/annotations/masks/lipstick__nyx_professional_makeup__fat_oil_slick_click_vegan_lip_balm__pebq6cL.png
lipstick__nyx_professional_makeup__fat_oil_slick_click_vegan_lip_balm__obWfK4R.jpg,swatch,,,,,/Users/connie/dev/lipstick_color_extraction/data/annotations/masks/lipstick__nyx_professional_makeup__fat_oil_slick_click_vegan_lip_balm__obWfK4R.png
lipstick__nyx_professional_makeup__lip_lingerie_matte_liquid_lipstick__2q4611j.jpg,swatch,,,,,/Users/connie/dev/lipstick_color_extraction/data/annotations/masks/lipstick__nyx_professional_makeup__lip_lingerie_matte_liquid_lipstick__2q4611j.png
lipstick__nyx_professional_makeup__lip_lingerie_pushup_longlasting_lip_eBVdeme.jpg,swatch,,,,,/Users/connie/dev/lipstick_color_extraction/data/annotations/masks/lipstick__nyx_professional_makeup__lip_lingerie_pushup_longlasting_lip_eBVdeme.png
lipstick__nyx_professional_makeup__lip_lingerie_xxl_longlasting_matte__RoiXf2D.jpg,liquid_lipstick,,,,,/Users/connie/dev/lipstick_color_extraction/data/annotations/masks/lipstick__nyx_professional_makeup__lip_lingerie_xxl_longlasting_matte__RoiXf2D.png
lipstick__nyx_professional_makeup__lip_lingerie_xxl_longlasting_matte__u0UtV8f.jpg,liquid_lipstick,,,,,/Users/connie/dev/lipstick_color_extraction/data/annotations/masks/lipstick__nyx_professional_makeup__lip_lingerie_xxl_longlasting_matte__u0UtV8f.png
lipstick__nyx_professional_makeup__lip_lingerie_xxl_longlasting_matte__gtCARH7.jpg,liquid_lipstick,,,,,/Users/connie/dev/lipstick_color_extraction/data/annotations/masks/lipstick__nyx_professional_makeup__lip_lingerie_xxl_longlasting_matte__gtCARH7.png
lipstick__nyx_professional_makeup__liquid_suede_cream_lipstick__downto_2ghHcFa.jpg,liquid_lipstick,,,,,/Users/connie/dev/lipstick_color_extraction/data/annotations/masks/lipstick__nyx_professional_makeup__liquid_suede_cream_lipstick__downto_2ghHcFa.png
lipstick__nyx_professional_makeup__matte_lipstick__alabama.jpg,bullet_lipstick,lipstick__nyx_professional_makeup__matte_lipstick__alabama.jpg,36.19690111,49.97131751,39.23468412,/Users/connie/dev/lipstick_color_extraction/data/annotations/masks/lipstick__nyx_professional_makeup__matte_lipstick__alabama.png
lipstick__nyx_professional_makeup__shout_loud_satin_lipstick__everyone_lies.jpg,bullet_lipstick,lipstick__nyx_professional_makeup__shout_loud_satin_lipstick__everyone_lies.jpg,27.46409732,42.22403446,16.6175634,/Users/connie/dev/lipstick_color_extraction/data/annotations/masks/lipstick__nyx_professional_makeup__shout_loud_satin_lipstick__everyone_lies.png
lipstick__nyx_professional_makeup__smooth_whip_blurring_matte_lip_crea_Ek6zlaZ.jpg,swatch,,,,,/Users/connie/dev/lipstick_color_extraction/data/annotations/masks/lipstick__nyx_professional_makeup__smooth_whip_blurring_matte_lip_crea_Ek6zlaZ.png
lipstick__nyx_professional_makeup__smushy_matte_lip_balm__soft_smile.jpg,swatch,lipstick__nyx_professional_makeup__smushy_matte_lip_balm__soft_smile.jpg,56.48966951,21.20385166,24.34789055,/Users/connie/dev/lipstick_color_extraction/data/annotations/masks/lipstick__nyx_professional_makeup__smushy_matte_lip_balm__soft_smile.png
lipstick__ofra_cosmetics__flexi_slick_lip_creme__buzz.jpg,liquid_lipstick,lipstick__ofra_cosmetics__flexi_slick_lip_creme__buzz.jpg,44.526789,36.28516438,20.06168768,/Users/connie/dev/lipstick_color_extraction/data/annotations/masks/lipstick__ofra_cosmetics__flexi_slick_lip_creme__buzz.png
lipstick__ofra_cosmetics__long_lasting_liquid_lipstick__pasadena.jpg,swatch,lipstick__ofra_cosmetics__long_lasting_liquid_lipstick__pasadena.jpg,39.08959848,22.27566197,8.61764363,/Users/connie/dev/lipstick_color_extraction/data/annotations/masks/lipstick__ofra_cosmetics__long_lasting_liquid_lipstick__pasadena.png
lipstick__onesize_by_patrick_starrr__lip_snatcher_hydrating_liquid_lip_gVROlAc.jpg,liquid_lipstick,,,,,/Users/connie/dev/lipstick_color_extraction/data/annotations/masks/lipstick__onesize_by_patrick_starrr__lip_snatcher_hydrating_liquid_lip_gVROlAc.png
lipstick__pat_mcgrath_labs__liquilust_legendary_wear_matte_lipstick__n_S2RxXrE.jpg,swatch,,,,,/Users/connie/dev/lipstick_color_extraction/data/annotations/masks/lipstick__pat_mcgrath_labs__liquilust_legendary_wear_matte_lipstick__n_S2RxXrE.png
lipstick__pat_mcgrath_labs__mattetrance_lipstick__divine_brown.jpg,bullet_lipstick,lipstick__pat_mcgrath_labs__mattetrance_lipstick__divine_brown.jpg,32.9811324,18.1757398,15.18000747,/Users/connie/dev/lipstick_color_extraction/data/annotations/masks/lipstick__pat_mcgrath_labs__mattetrance_lipstick__divine_brown.png
lipstick__persona__season_one_matte_liquid_lipstick__og.jpg,liquid_lipstick,lipstick__persona__season_one_matte_liquid_lipstick__og.jpg,35.05018767,24.54799819,19.45815502,/Users/connie/dev/lipstick_color_extraction/data/annotations/masks/lipstick__persona__season_one_matte_liquid_lipstick__og.png
lipstick__queen_musia__skincare_supercharged_tinted_hydrabalm__noble_vine.jpg,bullet_lipstick,lipstick__queen_musia__skincare_supercharged_tinted_hydrabalm__noble_vine.jpg,19.49679702,37.95183765,22.74917288,/Users/connie/dev/lipstick_color_extraction/data/annotations/masks/lipstick__queen_musia__skincare_supercharged_tinted_hydrabalm__noble_vine.png
lipstick__ravie_beauty__effortless_lips__peony.jpg,swatch,lipstick__ravie_beauty__effortless_lips__peony.jpg,51.8033771,47.76596388,13.88633951,/Users/connie/dev/lipstick_color_extraction/data/annotations/masks/lipstick__ravie_beauty__effortless_lips__peony.png
lipstick__revlon__super_lustrous_lipstick__463_sassy_mauve.jpg,swatch,lipstick__revlon__super_lustrous_lipstick__463_sassy_mauve.jpg,46.36500988,36.69847481,10.08760564,/Users/connie/dev/lipstick_color_extraction/data/annotations/masks/lipstick__revlon__super_lustrous_lipstick__463_sassy_mauve.png
lipstick__revlon__super_lustrous_lipstick__725_love_that_red.jpg,bullet_lipstick,lipstick__revlon__super_lustrous_lipstick__725_love_that_red.jpg,41.92008526,62.11994484,41.21693159,/Users/connie/dev/lipstick_color_extraction/data/annotations/masks/lipstick__revlon__super_lustrous_lipstick__725_love_that_red.png
lipstick__revlon__super_lustrous_lipstick__812_porto_please.jpg,swatch,lipstick__revlon__super_lustrous_lipstick__812_porto_please.jpg,31.53711366,38.8467214,8.16873543,/Users/connie/dev/lipstick_color_extraction/data/annotations/masks/lipstick__revlon__super_lustrous_lipstick__812_porto_please.png
lipstick__revlon__ultra_hd_lip_mousse_hyper_matte__blue_oasis_835.jpg,swatch,lipstick__revlon__ultra_hd_lip_mousse_hyper_matte__blue_oasis_835.jpg,57.36316662,-4.02826803,-7.35391315,/Users/connie/dev/lipstick_color_extraction/data/annotations/masks/lipstick__revlon__ultra_hd_lip_mousse_hyper_matte__blue_oasis_835.png
lipstick__revlon__ultra_hd_lip_mousse_hyper_matte__death_valley_830.jpg,other,lipstick__revlon__ultra_hd_lip_mousse_hyper_matte__death_valley_830.jpg,51.97730861,26.87278805,7.45437722,/Users/connie/dev/lipstick_color_extraction/data/annotations/masks/lipstick__revlon__ultra_hd_lip_mousse_hyper_matte__death_valley_830.png
lipstick__revolution_pro__supreme_matte_lip_pigment__psychedelic.jpg,swatch,lipstick__revolution_pro__supreme_matte_lip_pigment__psychedelic.jpg,80.00505152,2.58842435,-2.26453342,/Users/connie/dev/lipstick_color_extraction/data/annotations/masks/lipstick__revolution_pro__supreme_matte_lip_pigment__psychedelic.png
lipstick__rms_beauty__tinted_daily_lip_balm__passion_lane.jpg,swatch,lipstick__rms_beauty__tinted_daily_lip_balm__passion_lane.jpg,64.20717301,42.00301844,15.29231525,/Users/connie/dev/lipstick_color_extraction/data/annotations/masks/lipstick__rms_beauty__tinted_daily_lip_balm__passion_lane.png
lipstick__rms_beauty__tinted_daily_lip_balm__penny_lane.jpg,swatch,lipstick__rms_beauty__tinted_daily_lip_balm__penny_lane.jpg,60.32840766,49.75832633,42.40860847,/Users/connie/dev/lipstick_color_extraction/data/annotations/masks/lipstick__rms_beauty__tinted_daily_lip_balm__penny_lane.png
lipstick__rokael_beauty__refined_gold_velvet_lip_creme__destined.jpg,swatch,lipstick__rokael_beauty__refined_gold_velvet_lip_creme__destined.jpg,55.68470539,48.40511192,30.89172011,/Users/connie/dev/lipstick_color_extraction/data/annotations/masks/lipstick__rokael_beauty__refined_gold_velvet_lip_creme__destined.png
lipstick__romnd__dewyful_water_tint__07_cherry_way.jpg,liquid_lipstick,lipstick__romnd__dewyful_water_tint__07_cherry_way.jpg,30.31957903,45.36252989,28.30324272,/Users/connie/dev/lipstick_color_extraction/data/annotations/masks/lipstick__romnd__dewyful_water_tint__07_cherry_way.png
lipstick__romnd__juicy_lasting_tint__25_bare_grape.jpg,liquid_lipstick,lipstick__romnd__juicy_lasting_tint__25_bare_grape.jpg,37.92819575,48.56563538,10.49400261,/Users/connie/dev/lipstick_color_extraction/data/annotations/masks/lipstick__romnd__juicy_lasting_tint__25_bare_grape.png
lipstick__smashbox__always_on_cream_to_matte_lipstick__caliente.jpg,bullet_lipstick,lipstick__smashbox__always_on_cream_to_matte_lipstick__caliente.jpg,33.71200293,35.03755202,30.93523064,/Users/connie/dev/lipstick_color_extraction/data/annotations/masks/lipstick__smashbox__always_on_cream_to_matte_lipstick__caliente.png
lipstick__soshe_beauty__ceramide_refillable_lip_silk__wine_stained.jpg,swatch,lipstick__soshe_beauty__ceramide_refillable_lip_silk__wine_stained.jpg,35.21685339,58.28109519,21.73203785,/Users/connie/dev/lipstick_color_extraction/data/annotations/masks/lipstick__soshe_beauty__ceramide_refillable_lip_silk__wine_stained.png
lipstick__stila__stay_all_day_liquid_lipstick__firenze.jpg,liquid_lipstick,lipstick__stila__stay_all_day_liquid_lipstick__firenze.jpg,36.14350198,20.62346301,7.90027144,/Users/connie/dev/lipstick_color_extraction/data/annotations/masks/lipstick__stila__stay_all_day_liquid_lipstick__firenze.png
lipstick__surratt_beauty__lipslique__paramour.jpg,swatch,lipstick__surratt_beauty__lipslique__paramour.jpg,71.94607336,28.54826094,27.81328519,/Users/connie/dev/lipstick_color_extraction/data/annotations/masks/lipstick__surratt_beauty__lipslique__paramour.png
lipstick__tarte__maracuja_juicy_lip_vinyl__cacao.jpg,swatch,lipstick__tarte__maracuja_juicy_lip_vinyl__cacao.jpg,13.0533225,19.33929433,13.62766785,/Users/connie/dev/lipstick_color_extraction/data/annotations/masks/lipstick__tarte__maracuja_juicy_lip_vinyl__cacao.png
lipstick__tarte__tarteist_creamy_matte_lip_paint__rave.jpg,liquid_lipstick,lipstick__tarte__tarteist_creamy_matte_lip_paint__rave.jpg,41.78463775,12.18107881,2.97599331,/Users/connie/dev/lipstick_color_extraction/data/annotations/masks/lipstick__tarte__tarteist_creamy_matte_lip_paint__rave.png
lipstick__tom_ford__extreme_lip_spark_lipstick__23_alias.jpg,bullet_lipstick,lipstick__tom_ford__extreme_lip_spark_lipstick__23_alias.jpg,38.00063941,41.11171158,18.59423797,/Users/connie/dev/lipstick_color_extraction/data/annotations/masks/lipstick__tom_ford__extreme_lip_spark_lipstick__23_alias.png
lipstick__urban_decay__vice_hydrating_lipstick__liar.jpg,swatch,lipstick__urban_decay__vice_hydrating_lipstick__liar.jpg,50.34405571,36.06133043,31.25460793,/Users/connie/dev/lipstick_color_extraction/data/annotations/masks/lipstick__urban_decay__vice_hydrating_lipstick__liar.png
lipstick__urban_decay__vice_lipstick_metallized__asphyxia.jpg,bullet_lipstick,lipstick__urban_decay__vice_lipstick_metallized__asphyxia.jpg,49.38160215,29.12588734,-11.8432405,/Users/connie/dev/lipstick_color_extraction/data/annotations/masks/lipstick__urban_decay__vice_lipstick_metallized__asphyxia.png
lipstick__valentino__rosso_valentino_high_pigment_refillable_lipstick__SYs20Rq.jpg,swatch,,,,,/Users/connie/dev/lipstick_color_extraction/data/annotations/masks/lipstick__valentino__rosso_valentino_high_pigment_refillable_lipstick__SYs20Rq.png
lipstick__valentino__rosso_valentino_high_pigment_refillable_lipstick__kBbhTuW.jpg,swatch,,,,,/Users/connie/dev/lipstick_color_extraction/data/annotations/masks/lipstick__valentino__rosso_valentino_high_pigment_refillable_lipstick__kBbhTuW.png
lipstick__valentino__rosso_valentino_high_pigment_refillable_lipstick__kmWoeSv.jpg,swatch,,,,,/Users/connie/dev/lipstick_color_extraction/data/annotations/masks/lipstick__valentino__rosso_valentino_high_pigment_refillable_lipstick__kmWoeSv.png
lipstick__valentino__spike_valentino_buttery_matte_lip_color__605r_lilac_rain.jpg,bullet_lipstick,lipstick__valentino__spike_valentino_buttery_matte_lip_color__605r_lilac_rain.jpg,58.42658666,28.76923357,3.38437604,/Users/connie/dev/lipstick_color_extraction/data/annotations/masks/lipstick__valentino__spike_valentino_buttery_matte_lip_color__605r_lilac_rain.png
lipstick__violettefr__bisou_jelly_sheer_shine_hydrating_lipstick__bonb_mjzjRVL.jpg,bullet_lipstick,,,,,/Users/connie/dev/lipstick_color_extraction/data/annotations/masks/lipstick__violettefr__bisou_jelly_sheer_shine_hydrating_lipstick__bonb_mjzjRVL.png
lipstick__winky_lux__matte_lip_velour_lipstick__dirty_love.jpg,swatch,lipstick__winky_lux__matte_lip_velour_lipstick__dirty_love.jpg,39.44069131,46.51395094,31.31293267,/Users/connie/dev/lipstick_color_extraction/data/annotations/masks/lipstick__winky_lux__matte_lip_velour_lipstick__dirty_love.png
lipstick__wonderskin__wonder_blading_peel_reveal_lip_stain_kit__divine.jpg,liquid_lipstick,lipstick__wonderskin__wonder_blading_peel_reveal_lip_stain_kit__divine.jpg,18.62906846,9.12336,-30.84798488,/Users/connie/dev/lipstick_color_extraction/data/annotations/masks/lipstick__wonderskin__wonder_blading_peel_reveal_lip_stain_kit__divine.png
lipstick__wyn_beauty__no_words_needed_lip_serum__engage.jpg,liquid_lipstick,lipstick__wyn_beauty__no_words_needed_lip_serum__engage.jpg,54.55149118,47.88620563,-8.68703472,/Users/connie/dev/lipstick_color_extraction/data/annotations/masks/lipstick__wyn_beauty__no_words_needed_lip_serum__engage.png
lipstick__xx_revolution__xxude_satin_liquid_lipstick__nostalgia.jpg,swatch,lipstick__xx_revolution__xxude_satin_liquid_lipstick__nostalgia.jpg,62.19930095,32.36780825,-0.2938953,/Users/connie/dev/lipstick_color_extraction/data/annotations/masks/lipstick__xx_revolution__xxude_satin_liquid_lipstick__nostalgia.png
lipstick__yves_saint_laurent__rouge_pur_couture_the_bold_high_pigment__QuYMMs2.jpg,bullet_lipstick,,,,,/Users/connie/dev/lipstick_color_extraction/data/annotations/masks/lipstick__yves_saint_laurent__rouge_pur_couture_the_bold_high_pigment__QuYMMs2.png
lipstick__yves_saint_laurent__rouge_volupte_shine_lipstick_balm__52_tr_TJeAE7s.jpg,bullet_lipstick,,,,,/Users/connie/dev/lipstick_color_extraction/data/annotations/masks/lipstick__yves_saint_laurent__rouge_volupte_shine_lipstick_balm__52_tr_TJeAE7s.png
lipstick__yves_saint_laurent__the_inks_vinyl_cream_high_shine_lip_stai_No9IoC6.jpg,liquid_lipstick,,,,,/Users/connie/dev/lipstick_color_extraction/data/annotations/masks/lipstick__yves_saint_laurent__the_inks_vinyl_cream_high_shine_lip_stai_No9IoC6.png
lipstick__yves_saint_laurent__the_slim_glow_matte_lipstick__213_no_taboo_chili.jpg,bullet_lipstick,lipstick__yves_saint_laurent__the_slim_glow_matte_lipstick__213_no_taboo_chili.jpg,43.04021815,47.83101747,41.90372933,/Users/connie/dev/lipstick_color_extraction/data/annotations/masks/lipstick__yves_saint_laurent__the_slim_glow_matte_lipstick__213_no_taboo_chili.png
lipstick__yves_saint_laurent__ysl_loveshine_lip_oil_stick__150_nude_lingerie.jpg,bullet_lipstick,lipstick__yves_saint_laurent__ysl_loveshine_lip_oil_stick__150_nude_lingerie.jpg,55.68468727,36.62086362,16.6192041,/Users/connie/dev/lipstick_color_extraction/data/annotations/masks/lipstick__yves_saint_laurent__ysl_loveshine_lip_oil_stick__150_nude_lingerie.png
lipstick__chanel__le_rouge_duo_ultra_tenue_ultrawear_liquid_lip_colour_ZJ06I9z.jpg,other,,,,,/Users/connie/dev/lipstick_color_extraction/data/annotations/masks/lipstick__chanel__le_rouge_duo_ultra_tenue_ultrawear_liquid_lip_colour_ZJ06I9z.png
lipstick__chanel__le_rouge_duo_ultra_tenue_ultrawear_liquid_lip_colour_nig1fqA.jpg,swatch,,,,,/Users/connie/dev/lipstick_color_extraction/data/annotations/masks/lipstick__chanel__le_rouge_duo_ultra_tenue_ultrawear_liquid_lip_colour_nig1fqA.png
lipstick__bareminerals__gen_nude_matte_liquid_lipcolor__weekend.jpg,other,lipstick__bareminerals__gen_nude_matte_liquid_lipcolor__weekend.jpg,,,,/Users/connie/dev/lipstick_color_extraction/data/annotations/masks/lipstick__bareminerals__gen_nude_matte_liquid_lipcolor__weekend.png
lipstick__chanel__le_rouge_duo_ultra_tenue_ultrawear_liquid_lip_colour_XpGkwgw.jpg,other,,,,,/Users/connie/dev/lipstick_color_extraction/data/annotations/masks/lipstick__chanel__le_rouge_duo_ultra_tenue_ultrawear_liquid_lip_colour_XpGkwgw.png
lipstick__chanel__le_rouge_duo_ultra_tenue_ultrawear_liquid_lip_colour_HA0UU7J.jpg,other,,,,,/Users/connie/dev/lipstick_color_extraction/data/annotations/masks/lipstick__chanel__le_rouge_duo_ultra_tenue_ultrawear_liquid_lip_colour_HA0UU7J.png
lipstick__chanel__le_rouge_duo_ultra_tenue_ultrawear_liquid_lip_colour_GHfw5Uw.jpg,other,,,,,/Users/connie/dev/lipstick_color_extraction/data/annotations/masks/lipstick__chanel__le_rouge_duo_ultra_tenue_ultrawear_liquid_lip_colour_GHfw5Uw.png
lipstick__chanel__le_rouge_duo_ultra_tenue_ultrawear_liquid_lip_colour_xn5fG6e.jpg,other,,,,,/Users/connie/dev/lipstick_color_extraction/data/annotations/masks/lipstick__chanel__le_rouge_duo_ultra_tenue_ultrawear_liquid_lip_colour_xn5fG6e.png
lipstick__juice_beauty__phytopigments_liquid_lip__12_cameron.jpg,other,lipstick__juice_beauty__phytopigments_liquid_lip__12_cameron.jpg,,,,/Users/connie/dev/lipstick_color_extraction/data/annotations/masks/lipstick__juice_beauty__phytopigments_liquid_lip__12_cameron.png
lipstick__chanel__le_rouge_duo_ultra_tenue_ultrawear_liquid_lip_colour_nCdMRRt.jpg,other,,,,,/Users/connie/dev/lipstick_color_extraction/data/annotations/masks/lipstick__chanel__le_rouge_duo_ultra_tenue_ultrawear_liquid_lip_colour_nCdMRRt.png
lipstick__revlon__ultra_hd_lip_mousse_hyper_matte__spice_825.jpg,other,lipstick__revlon__ultra_hd_lip_mousse_hyper_matte__spice_825.jpg,,,,/Users/connie/dev/lipstick_color_extraction/data/annotations/masks/lipstick__revlon__ultra_hd_lip_mousse_hyper_matte__spice_825.png
lipstick__bareminerals__gen_nude_matte_liquid_lipcolor__scandal.jpg,other,lipstick__bareminerals__gen_nude_matte_liquid_lipcolor__scandal.jpg,,,,/Users/connie/dev/lipstick_color_extraction/data/annotations/masks/lipstick__bareminerals__gen_nude_matte_liquid_lipcolor__scandal.png
lipstick__revlon__ultra_hd_lip_mousse_hyper_matte__100_degrees_805.jpg,swatch,lipstick__revlon__ultra_hd_lip_mousse_hyper_matte__100_degrees_805.jpg,,,,/Users/connie/dev/lipstick_color_extraction/data/annotations/masks/lipstick__revlon__ultra_hd_lip_mousse_hyper_matte__100_degrees_805.png
lipstick__juice_beauty__phytopigments_liquid_lip__06_drew.jpg,other,lipstick__juice_beauty__phytopigments_liquid_lip__06_drew.jpg,,,,/Users/connie/dev/lipstick_color_extraction/data/annotations/masks/lipstick__juice_beauty__phytopigments_liquid_lip__06_drew.png
lipstick__bareminerals__gen_nude_matte_liquid_lipcolor__boss.jpg,swatch,lipstick__bareminerals__gen_nude_matte_liquid_lipcolor__boss.jpg,,,,/Users/connie/dev/lipstick_color_extraction/data/annotations/masks/lipstick__bareminerals__gen_nude_matte_liquid_lipcolor__boss.png
lipstick__chanel__le_rouge_duo_ultra_tenue_ultrawear_liquid_lip_colour_a4hyldF.jpg,other,,,,,/Users/connie/dev/lipstick_color_extraction/data/annotations/masks/lipstick__chanel__le_rouge_duo_ultra_tenue_ultrawear_liquid_lip_colour_a4hyldF.png
lipstick__juice_beauty__phytopigments_liquid_lip__03_kate.jpg,other,lipstick__juice_beauty__phytopigments_liquid_lip__03_kate.jpg,,,,/Users/connie/dev/lipstick_color_extraction/data/annotations/masks/lipstick__juice_beauty__phytopigments_liquid_lip__03_kate.png
lipstick__bareminerals__gen_nude_matte_liquid_lipcolor__slay.jpg,other,lipstick__bareminerals__gen_nude_matte_liquid_lipcolor__slay.jpg,,,,/Users/connie/dev/lipstick_color_extraction/data/annotations/masks/lipstick__bareminerals__gen_nude_matte_liquid_lipcolor__slay.png
lipstick__chanel__le_rouge_duo_ultra_tenue_ultrawear_liquid_lip_colour_9os18m4.jpg,other,,,,,/Users/connie/dev/lipstick_color_extraction/data/annotations/masks/lipstick__chanel__le_rouge_duo_ultra_tenue_ultrawear_liquid_lip_colour_9os18m4.png
lipstick__bareminerals__gen_nude_matte_liquid_lipcolor__friendship.jpg,other,lipstick__bareminerals__gen_nude_matte_liquid_lipcolor__friendship.jpg,,,,/Users/connie/dev/lipstick_color_extraction/data/annotations/masks/lipstick__bareminerals__gen_nude_matte_liquid_lipcolor__friendship.png
lipstick__chanel__le_rouge_duo_ultra_tenue_ultrawear_liquid_lip_colour_xNluAsL.jpg,other,,,,,/Users/connie/dev/lipstick_color_extraction/data/annotations/masks/lipstick__chanel__le_rouge_duo_ultra_tenue_ultrawear_liquid_lip_colour_xNluAsL.png
lipstick__bareminerals__gen_nude_matte_liquid_lipcolor__swank.jpg,other,lipstick__bareminerals__gen_nude_matte_liquid_lipcolor__swank.jpg,,,,/Users/connie/dev/lipstick_color_extraction/data/annotations/masks/lipstick__bareminerals__gen_nude_matte_liquid_lipcolor__swank.png
lipstick__juice_beauty__phytopigments_liquid_lip__21_reese.jpg,other,lipstick__juice_beauty__phytopigments_liquid_lip__21_reese.jpg,,,,/Users/connie/dev/lipstick_color_extraction/data/annotations/masks/lipstick__juice_beauty__phytopigments_liquid_lip__21_reese.png
lipstick__revlon__ultra_hd_lip_mousse_hyper_matte__crimson_sky_820.jpg,swatch,lipstick__revlon__ultra_hd_lip_mousse_hyper_matte__crimson_sky_820.jpg,,,,/Users/connie/dev/lipstick_color_extraction/data/annotations/masks/lipstick__revlon__ultra_hd_lip_mousse_hyper_matte__crimson_sky_820.png
lipstick__chanel__le_rouge_duo_ultra_tenue_ultrawear_liquid_lip_colour_jyIFLXE.jpg,other,,,,,/Users/connie/dev/lipstick_color_extraction/data/annotations/masks/lipstick__chanel__le_rouge_duo_ultra_tenue_ultrawear_liquid_lip_colour_jyIFLXE.png
lipstick__juice_beauty__phytopigments_liquid_lip__24_chelsea.jpg,other,lipstick__juice_beauty__phytopigments_liquid_lip__24_chelsea.jpg,,,,/Users/connie/dev/lipstick_color_extraction/data/annotations/masks/lipstick__juice_beauty__phytopigments_liquid_lip__24_chelsea.png
lipstick__chanel__le_rouge_duo_ultra_tenue_ultrawear_liquid_lip_colour_0W0EfrN.jpg,other,,,,,/Users/connie/dev/lipstick_color_extraction/data/annotations/masks/lipstick__chanel__le_rouge_duo_ultra_tenue_ultrawear_liquid_lip_colour_0W0EfrN.png
lipstick__bareminerals__gen_nude_matte_liquid_lipcolor__omg.jpg,liquid_lipstick,lipstick__bareminerals__gen_nude_matte_liquid_lipcolor__omg.jpg,,,,/Users/connie/dev/lipstick_color_extraction/data/annotations/masks/lipstick__bareminerals__gen_nude_matte_liquid_lipcolor__omg.png
lipstick__chanel__le_rouge_duo_ultra_tenue_ultrawear_liquid_lip_colour_wVEVl8Q.jpg,swatch,,,,,/Users/connie/dev/lipstick_color_extraction/data/annotations/masks/lipstick__chanel__le_rouge_duo_ultra_tenue_ultrawear_liquid_lip_colour_wVEVl8Q.png
lipstick__chanel__le_rouge_duo_ultra_tenue_ultrawear_liquid_lip_colour_IUxcagP.jpg,other,,,,,/Users/connie/dev/lipstick_color_extraction/data/annotations/masks/lipstick__chanel__le_rouge_duo_ultra_tenue_ultrawear_liquid_lip_colour_IUxcagP.png
lipstick__chanel__le_rouge_duo_ultra_tenue_ultrawear_liquid_lip_colour_cj3QRcd.jpg,swatch,,,,,/Users/connie/dev/lipstick_color_extraction/data/annotations/masks/lipstick__chanel__le_rouge_duo_ultra_tenue_ultrawear_liquid_lip_colour_cj3QRcd.png
lipstick__bareminerals__gen_nude_matte_liquid_lipcolor__flawless.jpg,liquid_lipstick,lipstick__bareminerals__gen_nude_matte_liquid_lipcolor__flawless.jpg,,,,/Users/connie/dev/lipstick_color_extraction/data/annotations/masks/lipstick__bareminerals__gen_nude_matte_liquid_lipcolor__flawless.png
lipstick__chanel__le_rouge_duo_ultra_tenue_ultrawear_liquid_lip_colour_mlyfNim.jpg,other,,,,,/Users/connie/dev/lipstick_color_extraction/data/annotations/masks/lipstick__chanel__le_rouge_duo_ultra_tenue_ultrawear_liquid_lip_colour_mlyfNim.png
lipstick__revlon__ultra_hd_lip_mousse_hyper_matte__dusty_rose_800.jpg,swatch,lipstick__revlon__ultra_hd_lip_mousse_hyper_matte__dusty_rose_800.jpg,,,,/Users/connie/dev/lipstick_color_extraction/data/annotations/masks/lipstick__revlon__ultra_hd_lip_mousse_hyper_matte__dusty_rose_800.png
lipstick__chanel__le_rouge_duo_ultra_tenue_ultrawear_liquid_lip_colour_u7uhrYv.jpg,other,,,,,/Users/connie/dev/lipstick_color_extraction/data/annotations/masks/lipstick__chanel__le_rouge_duo_ultra_tenue_ultrawear_liquid_lip_colour_u7uhrYv.png
lipstick__revlon__ultra_hd_lip_mousse_hyper_matte__scorpion_red_850.jpg,swatch,lipstick__revlon__ultra_hd_lip_mousse_hyper_matte__scorpion_red_850.jpg,,,,/Users/connie/dev/lipstick_color_extraction/data/annotations/masks/lipstick__revlon__ultra_hd_lip_mousse_hyper_matte__scorpion_red_850.png
lipstick__bareminerals__gen_nude_matte_liquid_lipcolor__juju.jpg,other,lipstick__bareminerals__gen_nude_matte_liquid_lipcolor__juju.jpg,,,,/Users/connie/dev/lipstick_color_extraction/data/annotations/masks/lipstick__bareminerals__gen_nude_matte_liquid_lipcolor__juju.png
lipstick__chanel__le_rouge_duo_ultra_tenue_ultrawear_liquid_lip_colour_SF5Xl4d.jpg,other,,,,,/Users/connie/dev/lipstick_color_extraction/data/annotations/masks/lipstick__chanel__le_rouge_duo_ultra_tenue_ultrawear_liquid_lip_colour_SF5Xl4d.png
lipstick__bareminerals__gen_nude_matte_liquid_lipcolor__juicy.jpg,liquid_lipstick,lipstick__bareminerals__gen_nude_matte_liquid_lipcolor__juicy.jpg,,,,/Users/connie/dev/lipstick_color_extraction/data/annotations/masks/lipstick__bareminerals__gen_nude_matte_liquid_lipcolor__juicy.png
lipstick__chanel__le_rouge_duo_ultra_tenue_ultrawear_liquid_lip_colour_OGkj7ys.jpg,swatch,,,,,/Users/connie/dev/lipstick_color_extraction/data/annotations/masks/lipstick__chanel__le_rouge_duo_ultra_tenue_ultrawear_liquid_lip_colour_OGkj7ys.png
lipstick__chanel__le_rouge_duo_ultra_tenue_ultrawear_liquid_lip_colour_iv7D3OJ.jpg,other,,,,,/Users/connie/dev/lipstick_color_extraction/data/annotations/masks/lipstick__chanel__le_rouge_duo_ultra_tenue_ultrawear_liquid_lip_colour_iv7D3OJ.png
